-- MySQL dump 10.13  Distrib 8.0.36, for macos14 (arm64)
--
-- Host: 127.0.0.1    Database: audit_study_hub
-- ------------------------------------------------------
-- Server version	8.0.36

/*!40101 SET @OLD_CHARACTER_SET_CLIENT=@@CHARACTER_SET_CLIENT */;
/*!40101 SET @OLD_CHARACTER_SET_RESULTS=@@CHARACTER_SET_RESULTS */;
/*!40101 SET @OLD_COLLATION_CONNECTION=@@COLLATION_CONNECTION */;
/*!50503 SET NAMES utf8mb4 */;
/*!40103 SET @OLD_TIME_ZONE=@@TIME_ZONE */;
/*!40103 SET TIME_ZONE='+00:00' */;
/*!40014 SET @OLD_UNIQUE_CHECKS=@@UNIQUE_CHECKS, UNIQUE_CHECKS=0 */;
/*!40014 SET @OLD_FOREIGN_KEY_CHECKS=@@FOREIGN_KEY_CHECKS, FOREIGN_KEY_CHECKS=0 */;
/*!40101 SET @OLD_SQL_MODE=@@SQL_MODE, SQL_MODE='NO_AUTO_VALUE_ON_ZERO' */;
/*!40111 SET @OLD_SQL_NOTES=@@SQL_NOTES, SQL_NOTES=0 */;

--
-- Table structure for table `t_api_resource`
--

DROP TABLE IF EXISTS `t_api_resource`;
/*!40101 SET @saved_cs_client     = @@character_set_client */;
/*!50503 SET character_set_client = utf8mb4 */;
CREATE TABLE `t_api_resource` (
  `id` bigint NOT NULL AUTO_INCREMENT COMMENT 'API资源ID',
  `name` varchar(100) NOT NULL COMMENT 'API名称',
  `url` varchar(255) NOT NULL COMMENT 'API路径',
  `method` varchar(10) NOT NULL COMMENT 'HTTP方法',
  `description` varchar(255) DEFAULT NULL COMMENT '描述',
  `permission_id` bigint DEFAULT NULL COMMENT '关联权限ID',
  `status` tinyint NOT NULL DEFAULT '1' COMMENT '状态：0-禁用，1-启用',
  `create_time` datetime NOT NULL COMMENT '创建时间',
  `update_time` datetime NOT NULL COMMENT '更新时间',
  `is_deleted` tinyint NOT NULL DEFAULT '0' COMMENT '是否删除，0-未删除，1-已删除',
  PRIMARY KEY (`id`),
  UNIQUE KEY `uk_api_url_method` (`url`,`method`),
  KEY `idx_permission_id` (`permission_id`),
  CONSTRAINT `fk_api_permission` FOREIGN KEY (`permission_id`) REFERENCES `t_permission` (`id`)
) ENGINE=InnoDB AUTO_INCREMENT=15 DEFAULT CHARSET=utf8mb4 COLLATE=utf8mb4_0900_ai_ci COMMENT='API资源表';
/*!40101 SET character_set_client = @saved_cs_client */;

--
-- Dumping data for table `t_api_resource`
--

LOCK TABLES `t_api_resource` WRITE;
/*!40000 ALTER TABLE `t_api_resource` DISABLE KEYS */;
INSERT INTO `t_api_resource` VALUES (1,'用户列表','/api/admin/system/users','GET','获取用户列表',10101,1,'2025-05-09 18:13:28','2025-05-09 18:13:28',0),(2,'添加用户','/api/admin/system/users','POST','添加用户',10102,1,'2025-05-09 18:13:28','2025-05-09 18:13:28',0),(3,'更新用户','/api/admin/system/users/{id}','PUT','更新用户信息',10103,1,'2025-05-09 18:13:28','2025-05-09 18:13:28',0),(4,'删除用户','/api/admin/system/users/{id}','DELETE','删除用户',10104,1,'2025-05-09 18:13:28','2025-05-09 18:13:28',0),(5,'用户角色分配','/api/admin/system/users/{id}/roles','POST','分配用户角色',10105,1,'2025-05-09 18:13:28','2025-05-09 18:13:28',0),(6,'角色列表','/api/admin/system/roles','GET','获取角色列表',10201,1,'2025-05-09 18:13:28','2025-05-09 18:13:28',0),(7,'添加角色','/api/admin/system/roles','POST','添加角色',10202,1,'2025-05-09 18:13:28','2025-05-09 18:13:28',0),(8,'更新角色','/api/admin/system/roles/{id}','PUT','更新角色信息',10203,1,'2025-05-09 18:13:28','2025-05-09 18:13:28',0),(9,'删除角色','/api/admin/system/roles/{id}','DELETE','删除角色',10204,1,'2025-05-09 18:13:28','2025-05-09 18:13:28',0),(10,'角色权限分配','/api/admin/system/roles/{id}/permissions','POST','分配角色权限',10205,1,'2025-05-09 18:13:28','2025-05-09 18:13:28',0),(11,'资源列表','/api/admin/content/resources','GET','获取资源列表',20101,1,'2025-05-09 18:13:28','2025-05-09 18:13:28',0),(12,'添加资源','/api/admin/content/resources','POST','添加资源',20102,1,'2025-05-09 18:13:28','2025-05-09 18:13:28',0),(13,'更新资源','/api/admin/content/resources/{id}','PUT','更新资源信息',20103,1,'2025-05-09 18:13:28','2025-05-09 18:13:28',0),(14,'删除资源','/api/admin/content/resources/{id}','DELETE','删除资源',20104,1,'2025-05-09 18:13:28','2025-05-09 18:13:28',0);
/*!40000 ALTER TABLE `t_api_resource` ENABLE KEYS */;
UNLOCK TABLES;

--
-- Table structure for table `t_category`
--

DROP TABLE IF EXISTS `t_category`;
/*!40101 SET @saved_cs_client     = @@character_set_client */;
/*!50503 SET character_set_client = utf8mb4 */;
CREATE TABLE `t_category` (
  `id` bigint NOT NULL AUTO_INCREMENT COMMENT '分类ID',
  `name` varchar(50) NOT NULL COMMENT '分类名称',
  `icon` varchar(100) DEFAULT NULL COMMENT '分类图标',
  `sort` int DEFAULT '0' COMMENT '排序',
  `create_time` datetime NOT NULL COMMENT '创建时间',
  `update_time` datetime NOT NULL COMMENT '更新时间',
  `is_deleted` tinyint NOT NULL DEFAULT '0' COMMENT '是否删除，0-未删除，1-已删除',
  PRIMARY KEY (`id`)
) ENGINE=InnoDB AUTO_INCREMENT=8 DEFAULT CHARSET=utf8mb4 COLLATE=utf8mb4_0900_ai_ci COMMENT='资源分类表';
/*!40101 SET character_set_client = @saved_cs_client */;

--
-- Dumping data for table `t_category`
--

LOCK TABLES `t_category` WRITE;
/*!40000 ALTER TABLE `t_category` DISABLE KEYS */;
INSERT INTO `t_category` VALUES (1,'学习笔记','Notebook',1,'2025-05-05 22:45:22','2025-05-11 18:35:09',0),(2,'课件PPT','DataAnalysis',2,'2025-05-05 22:45:22','2025-05-11 11:45:54',0),(3,'资料文件','Document',3,'2025-05-05 22:45:22','2025-05-11 11:47:48',0),(4,'电子书籍','Reading',4,'2025-05-05 22:45:22','2025-05-05 22:45:22',0),(5,'课程视频','VideoPlay',5,'2025-05-05 22:45:22','2025-05-05 22:45:22',0),(6,'实验报告','DocumentChecked',6,'2025-05-05 22:45:22','2025-05-05 22:45:22',0),(7,'测试分类','Folder',5,'2025-05-11 13:13:22','2025-05-11 13:13:22',0);
/*!40000 ALTER TABLE `t_category` ENABLE KEYS */;
UNLOCK TABLES;
/*!50003 SET @saved_cs_client      = @@character_set_client */ ;
/*!50003 SET @saved_cs_results     = @@character_set_results */ ;
/*!50003 SET @saved_col_connection = @@collation_connection */ ;
/*!50003 SET character_set_client  = utf8mb4 */ ;
/*!50003 SET character_set_results = utf8mb4 */ ;
/*!50003 SET collation_connection  = utf8mb4_0900_ai_ci */ ;
/*!50003 SET @saved_sql_mode       = @@sql_mode */ ;
/*!50003 SET sql_mode              = 'ONLY_FULL_GROUP_BY,STRICT_TRANS_TABLES,NO_ZERO_IN_DATE,NO_ZERO_DATE,ERROR_FOR_DIVISION_BY_ZERO,NO_ENGINE_SUBSTITUTION' */ ;
DELIMITER ;;
/*!50003 CREATE*/ /*!50017 DEFINER=`root`@`localhost`*/ /*!50003 TRIGGER `update_category_name_in_resource` AFTER UPDATE ON `t_category` FOR EACH ROW BEGIN
    IF NEW.name <> OLD.name AND NEW.is_deleted = 0 THEN
        UPDATE t_resource
        SET category_name = NEW.name
        WHERE category_id = NEW.id AND is_deleted = 0;
    END IF;
END */;;
DELIMITER ;
/*!50003 SET sql_mode              = @saved_sql_mode */ ;
/*!50003 SET character_set_client  = @saved_cs_client */ ;
/*!50003 SET character_set_results = @saved_cs_results */ ;
/*!50003 SET collation_connection  = @saved_col_connection */ ;
/*!50003 SET @saved_cs_client      = @@character_set_client */ ;
/*!50003 SET @saved_cs_results     = @@character_set_results */ ;
/*!50003 SET @saved_col_connection = @@collation_connection */ ;
/*!50003 SET character_set_client  = utf8mb4 */ ;
/*!50003 SET character_set_results = utf8mb4 */ ;
/*!50003 SET collation_connection  = utf8mb4_0900_ai_ci */ ;
/*!50003 SET @saved_sql_mode       = @@sql_mode */ ;
/*!50003 SET sql_mode              = 'ONLY_FULL_GROUP_BY,STRICT_TRANS_TABLES,NO_ZERO_IN_DATE,NO_ZERO_DATE,ERROR_FOR_DIVISION_BY_ZERO,NO_ENGINE_SUBSTITUTION' */ ;
DELIMITER ;;
/*!50003 CREATE*/ /*!50017 DEFINER=`root`@`localhost`*/ /*!50003 TRIGGER `update_category_name_in_resource_request` AFTER UPDATE ON `t_category` FOR EACH ROW BEGIN
    IF NEW.name <> OLD.name AND NEW.is_deleted = 0 THEN
        UPDATE t_resource_request
        SET category_name = NEW.name
        WHERE category_id = NEW.id AND is_deleted = 0;
    END IF;
END */;;
DELIMITER ;
/*!50003 SET sql_mode              = @saved_sql_mode */ ;
/*!50003 SET character_set_client  = @saved_cs_client */ ;
/*!50003 SET character_set_results = @saved_cs_results */ ;
/*!50003 SET collation_connection  = @saved_col_connection */ ;

--
-- Table structure for table `t_college`
--

DROP TABLE IF EXISTS `t_college`;
/*!40101 SET @saved_cs_client     = @@character_set_client */;
/*!50503 SET character_set_client = utf8mb4 */;
CREATE TABLE `t_college` (
  `id` bigint NOT NULL AUTO_INCREMENT COMMENT '学院ID',
  `name` varchar(100) NOT NULL COMMENT '学院名称',
  `cover_url` varchar(255) DEFAULT NULL COMMENT '学院封面图片URL',
  `logo_url` varchar(255) DEFAULT NULL COMMENT '学院logo图片URL',
  `create_time` datetime NOT NULL COMMENT '创建时间',
  `update_time` datetime NOT NULL COMMENT '更新时间',
  `is_deleted` tinyint NOT NULL DEFAULT '0' COMMENT '是否删除，0-未删除，1-已删除',
  PRIMARY KEY (`id`),
  UNIQUE KEY `uk_name` (`name`)
) ENGINE=InnoDB AUTO_INCREMENT=1747 DEFAULT CHARSET=utf8mb4 COLLATE=utf8mb4_0900_ai_ci COMMENT='学院表';
/*!40101 SET character_set_client = @saved_cs_client */;

--
-- Dumping data for table `t_college`
--

LOCK TABLES `t_college` WRITE;
/*!40000 ALTER TABLE `t_college` DISABLE KEYS */;
INSERT INTO `t_college` VALUES (1729,'法学院','https://study-cdn-img.jobpi.cn/upload/2023-11-13/16998694487204.png','https://study-cdn-img.jobpi.cn/upload/2025-03-13/17418493459303.png','2025-05-07 13:25:10','2025-05-11 18:58:39',0),(1730,'外国语学院','https://study-cdn-img.jobpi.cn/upload/2024-03-08/17098833300445.jpeg','https://study-cdn-img.jobpi.cn/upload/2025-03-13/1741849392578.png','2025-05-07 13:25:10','2025-05-11 14:32:11',0),(1731,'文学院','https://study-cdn-img.jobpi.cn/upload/2023-11-13/16998693057441.png','https://study-cdn-img.jobpi.cn/upload/2025-03-13/17418493825033.png','2025-05-07 13:25:10','2025-05-07 13:25:10',0),(1732,'经济学院','https://study-cdn-img.jobpi.cn/upload/2024-03-08/17098829887454.jpeg','https://study-cdn-img.jobpi.cn/upload/2025-03-13/17418493158634.png','2025-05-07 13:25:10','2025-05-07 13:25:10',0),(1733,'金融学院','https://study-cdn-img.jobpi.cn/upload/2024-03-08/17098830258518.jpeg','https://study-cdn-img.jobpi.cn/upload/2025-03-13/17418493244163.png','2025-05-07 13:25:10','2025-05-07 13:25:10',0),(1734,'商学院','https://study-cdn-img.jobpi.cn/upload/2024-03-08/17098829258799.jpeg','https://study-cdn-img.jobpi.cn/upload/2025-03-13/17418493065625.png','2025-05-07 13:25:10','2025-05-07 13:25:10',0),(1735,'会计学院','https://study-cdn-img.jobpi.cn/upload/2023-11-13/16998698689887.png','https://study-cdn-img.jobpi.cn/upload/2025-03-13/17418492966123.png','2025-05-07 13:25:10','2025-05-07 13:25:10',0),(1736,'政府审计学院','https://study-cdn-img.jobpi.cn/upload/2024-03-08/1709883583859.jpeg','https://study-cdn-img.jobpi.cn/upload/2025-03-13/17418492381115.png','2025-05-07 13:25:10','2025-05-07 13:25:10',0),(1737,'内部审计学院','https://study-cdn-img.jobpi.cn/upload/2023-11-13/16998702050972.png','https://study-cdn-img.jobpi.cn/upload/2025-03-13/17418492467777.png','2025-05-07 13:25:10','2025-05-07 13:25:10',0),(1738,'社会审计学院','https://study-cdn-img.jobpi.cn/upload/2024-03-08/17098828168824.jpeg','https://study-cdn-img.jobpi.cn/upload/2025-03-13/17418492560426.png','2025-05-07 13:25:10','2025-05-07 13:25:10',0),(1739,'中审学院','https://study-cdn-img.jobpi.cn/upload/2024-03-08/17098828789278.jpeg','https://study-cdn-img.jobpi.cn/upload/2025-03-13/17418492801786.png','2025-05-07 13:25:10','2025-05-07 13:25:10',0),(1740,'工程审计学院','https://study-cdn-img.jobpi.cn/upload/2023-11-13/1699870688591.png','https://study-cdn-img.jobpi.cn/upload/2025-03-13/17418492880473.png','2025-05-07 13:25:10','2025-05-07 13:25:10',0),(1741,'公共管理学院','https://study-cdn-img.jobpi.cn/upload/2023-11-13/16998709047157.png','https://study-cdn-img.jobpi.cn/upload/2023-11-13/16998688536404.png','2025-05-07 13:25:10','2025-05-07 13:25:10',0),(1742,'金融学院（经济与金融研究院）','https://study-cdn-img.jobpi.cn/upload/2023-11-13/16998711119542.png','https://study-cdn-img.jobpi.cn/upload/2025-03-13/17418493338104.png','2025-05-07 13:25:10','2025-05-07 13:25:10',0),(1743,'统计与数据科学学院','https://study-cdn-img.jobpi.cn/upload/2023-11-13/16998712282212.png','https://study-cdn-img.jobpi.cn/upload/2025-03-13/17418493553287.png','2025-05-07 13:25:10','2025-05-07 13:25:10',0),(1744,'计算机学院/智能审计学院','https://study-cdn-img.jobpi.cn/upload/2024-03-08/17098832827106.jpeg','https://study-cdn-img.jobpi.cn/upload/2025-03-13/17418493648596.png','2025-05-07 13:25:10','2025-05-07 13:25:10',0),(1745,'数学学院','https://study-cdn-img.jobpi.cn/upload/2023-11-13/16998717456491.png','https://study-cdn-img.jobpi.cn/upload/2025-03-13/17418493732635.png','2025-05-07 13:25:10','2025-05-07 13:25:10',0),(1746,'国际联合审计学院','https://study-cdn-img.jobpi.cn/upload/2024-03-08/17098833828341.jpeg','https://study-cdn-img.jobpi.cn/upload/2025-03-13/17418494017267.png','2025-05-07 13:25:10','2025-05-07 13:25:10',0);
/*!40000 ALTER TABLE `t_college` ENABLE KEYS */;
UNLOCK TABLES;
/*!50003 SET @saved_cs_client      = @@character_set_client */ ;
/*!50003 SET @saved_cs_results     = @@character_set_results */ ;
/*!50003 SET @saved_col_connection = @@collation_connection */ ;
/*!50003 SET character_set_client  = utf8mb4 */ ;
/*!50003 SET character_set_results = utf8mb4 */ ;
/*!50003 SET collation_connection  = utf8mb4_0900_ai_ci */ ;
/*!50003 SET @saved_sql_mode       = @@sql_mode */ ;
/*!50003 SET sql_mode              = 'ONLY_FULL_GROUP_BY,STRICT_TRANS_TABLES,NO_ZERO_IN_DATE,NO_ZERO_DATE,ERROR_FOR_DIVISION_BY_ZERO,NO_ENGINE_SUBSTITUTION' */ ;
DELIMITER ;;
/*!50003 CREATE*/ /*!50017 DEFINER=`root`@`localhost`*/ /*!50003 TRIGGER `update_college_name_in_resource` AFTER UPDATE ON `t_college` FOR EACH ROW BEGIN
    IF NEW.name <> OLD.name AND NEW.is_deleted = 0 THEN
        UPDATE t_resource
        SET college_name = NEW.name
        WHERE college_id = NEW.id AND is_deleted = 0;

        UPDATE t_resource_request
        SET college_name = NEW.name
        WHERE college_id = NEW.id AND is_deleted = 0;

        UPDATE t_user
        SET college_name = NEW.name
        WHERE college_id = NEW.id AND is_deleted = 0;
    END IF;
END */;;
DELIMITER ;
/*!50003 SET sql_mode              = @saved_sql_mode */ ;
/*!50003 SET character_set_client  = @saved_cs_client */ ;
/*!50003 SET character_set_results = @saved_cs_results */ ;
/*!50003 SET collation_connection  = @saved_col_connection */ ;

--
-- Table structure for table `t_course`
--

DROP TABLE IF EXISTS `t_course`;
/*!40101 SET @saved_cs_client     = @@character_set_client */;
/*!50503 SET character_set_client = utf8mb4 */;
CREATE TABLE `t_course` (
  `id` bigint NOT NULL AUTO_INCREMENT COMMENT '课程ID',
  `name` varchar(100) NOT NULL COMMENT '课程名称',
  `description` varchar(500) DEFAULT NULL COMMENT '课程描述',
  `create_time` datetime NOT NULL COMMENT '创建时间',
  `update_time` datetime NOT NULL COMMENT '更新时间',
  `is_deleted` tinyint NOT NULL DEFAULT '0' COMMENT '是否删除，0-未删除，1-已删除',
  `credit` decimal(5,2) DEFAULT NULL COMMENT '课程学分',
  PRIMARY KEY (`id`)
) ENGINE=InnoDB AUTO_INCREMENT=1329 DEFAULT CHARSET=utf8mb4 COLLATE=utf8mb4_0900_ai_ci COMMENT='课程表';
/*!40101 SET character_set_client = @saved_cs_client */;

--
-- Dumping data for table `t_course`
--

LOCK TABLES `t_course` WRITE;
/*!40000 ALTER TABLE `t_course` DISABLE KEYS */;
INSERT INTO `t_course` VALUES (1,'Audit and Assurance(IAEP)',NULL,'2025-05-09 03:14:24','2025-05-11 17:38:14',0,3.00),(2,'Auditing Communication(IAEP）',NULL,'2025-05-09 03:14:24','2025-05-11 17:38:30',1,2.00),(3,'Internal Auditing(IAEP)',NULL,'2025-05-09 03:14:24','2025-05-09 03:14:24',0,3.00),(4,'Oranizational Behaviour(IAEP)',NULL,'2025-05-09 03:14:24','2025-05-09 03:14:24',0,2.00),(5,'财务审计','财务审计','2025-05-09 03:14:24','2025-05-11 17:38:21',0,3.00),(6,'大数据与审计',NULL,'2025-05-09 03:14:24','2025-05-09 03:14:24',0,2.00),(7,'大数据与审计',NULL,'2025-05-09 03:14:24','2025-05-09 03:14:24',0,3.00),(8,'大数据中的数据挖掘',NULL,'2025-05-09 03:14:24','2025-05-09 03:14:24',0,3.00),(9,'公共危机管理',NULL,'2025-05-09 03:14:24','2025-05-09 03:14:24',0,2.00),(10,'公共政策审计',NULL,'2025-05-09 03:14:24','2025-05-09 03:14:24',0,2.00),(11,'绩效审计',NULL,'2025-05-09 03:14:24','2025-05-09 03:14:24',0,2.00),(12,'金融大数据概述',NULL,'2025-05-09 03:14:24','2025-05-09 03:14:24',0,3.00),(13,'经济数据挖掘导论',NULL,'2025-05-09 03:14:24','2025-05-09 03:14:24',0,2.00),(14,'经济学漫谈',NULL,'2025-05-09 03:14:24','2025-05-09 03:14:24',0,2.00),(15,'经济责任审计',NULL,'2025-05-09 03:14:24','2025-05-09 03:14:24',0,2.00),(16,'经济责任与绩效审计',NULL,'2025-05-09 03:14:24','2025-05-09 03:14:24',0,3.00),(17,'经济组织、制度与会计',NULL,'2025-05-09 03:14:24','2025-05-09 03:14:24',0,3.00),(18,'就业：从校园到职场',NULL,'2025-05-09 03:14:24','2025-05-09 03:14:24',0,2.00),(19,'科技纪录片赏析',NULL,'2025-05-09 03:14:24','2025-05-09 03:14:24',0,3.00),(20,'零售革命',NULL,'2025-05-09 03:14:24','2025-05-09 03:14:24',0,2.00),(21,'论文写作实证规范',NULL,'2025-05-09 03:14:24','2025-05-09 03:14:24',0,2.00),(22,'内部控制实务专题',NULL,'2025-05-09 03:14:24','2025-05-09 03:14:24',0,2.00),(23,'内部控制学',NULL,'2025-05-09 03:14:24','2025-05-09 03:14:24',0,2.00),(24,'内部控制与风险管理审计',NULL,'2025-05-09 03:14:24','2025-05-09 03:14:24',0,4.00),(25,'内部审计',NULL,'2025-05-09 03:14:24','2025-05-09 03:14:24',0,2.00),(26,'内部审计案例',NULL,'2025-05-09 03:14:24','2025-05-09 03:14:24',0,2.00),(27,'内部审计学',NULL,'2025-05-09 03:14:24','2025-05-09 03:14:24',0,3.00),(28,'内部审计学',NULL,'2025-05-09 03:14:24','2025-05-09 03:14:24',0,2.00),(29,'内部审计综合实训',NULL,'2025-05-09 03:14:24','2025-05-09 03:14:24',0,2.00),(30,'内审软件应用',NULL,'2025-05-09 03:14:24','2025-05-09 03:14:24',0,1.00),(31,'企业资源管理',NULL,'2025-05-09 03:14:24','2025-05-09 03:14:24',0,2.00),(32,'如何创立自己的公司',NULL,'2025-05-09 03:14:24','2025-05-09 03:14:24',0,1.00),(33,'社会组织与社会治理',NULL,'2025-05-09 03:14:24','2025-05-09 03:14:24',0,2.00),(34,'审计技术方法',NULL,'2025-05-09 03:14:24','2025-05-09 03:14:24',0,2.00),(35,'审计理论专题',NULL,'2025-05-09 03:14:24','2025-05-09 03:14:24',0,2.00),(36,'审计史',NULL,'2025-05-09 03:14:24','2025-05-09 03:14:24',0,2.00),(37,'审计思维创新实践',NULL,'2025-05-09 03:14:24','2025-05-09 03:14:24',0,1.00),(38,'审计心理学',NULL,'2025-05-09 03:14:24','2025-05-09 03:14:24',0,2.00),(39,'审计心理学与审计沟通',NULL,'2025-05-09 03:14:24','2025-05-09 03:14:24',0,2.00),(40,'审计学',NULL,'2025-05-09 03:14:24','2025-05-09 03:14:24',0,3.00),(41,'审计学',NULL,'2025-05-09 03:14:24','2025-05-09 03:14:24',0,2.00),(42,'审计学（CPA）',NULL,'2025-05-09 03:14:24','2025-05-09 03:14:24',0,2.00),(43,'审计学基础',NULL,'2025-05-09 03:14:24','2025-05-09 03:14:24',0,3.00),(44,'审计学通论',NULL,'2025-05-09 03:14:24','2025-05-09 03:14:24',0,3.00),(45,'审计专业英语',NULL,'2025-05-09 03:14:24','2025-05-09 03:14:24',0,1.00),(46,'审计专业英语',NULL,'2025-05-09 03:14:24','2025-05-09 03:14:24',0,2.00),(47,'审计综合模拟',NULL,'2025-05-09 03:14:24','2025-05-09 03:14:24',0,2.00),(48,'审计综合实验',NULL,'2025-05-09 03:14:24','2025-05-09 03:14:24',0,2.00),(49,'生活中的互联网思维',NULL,'2025-05-09 03:14:24','2025-05-09 03:14:24',0,3.00),(50,'生物多样性与生态',NULL,'2025-05-09 03:14:24','2025-05-09 03:14:24',0,2.00),(51,'生物多样性与生态',NULL,'2025-05-09 03:14:24','2025-05-09 03:14:24',0,3.00),(52,'世界城市群',NULL,'2025-05-09 03:14:24','2025-05-09 03:14:24',0,3.00),(53,'市场设计',NULL,'2025-05-09 03:14:24','2025-05-09 03:14:24',0,2.00),(54,'舞弊审计',NULL,'2025-05-09 03:14:24','2025-05-09 03:14:24',0,3.00),(55,'舞弊审计',NULL,'2025-05-09 03:14:24','2025-05-09 03:14:24',0,2.00),(56,'西方文明史导论',NULL,'2025-05-09 03:14:24','2025-05-09 03:14:24',0,2.00),(57,'政府审计实务专题',NULL,'2025-05-09 03:14:24','2025-05-09 03:14:24',0,2.00),(58,'政府审计学',NULL,'2025-05-09 03:14:24','2025-05-09 03:14:24',0,3.00),(59,'政府审计学',NULL,'2025-05-09 03:14:24','2025-05-09 03:14:24',0,2.00),(60,'注册会计师审计',NULL,'2025-05-09 03:14:24','2025-05-09 03:14:24',0,3.00),(61,'注册会计师审计',NULL,'2025-05-09 03:14:24','2025-05-09 03:14:24',0,4.00),(62,'注册会计师审计',NULL,'2025-05-09 03:14:24','2025-05-09 03:14:24',0,2.00),(63,'资源环境审计',NULL,'2025-05-09 03:14:24','2025-05-09 03:14:24',0,2.00),(64,'资源与环境经济专题',NULL,'2025-05-09 03:14:24','2025-05-09 03:14:24',0,3.00),(65,'Accountant in Business(ACCA)',NULL,'2025-05-09 03:14:24','2025-05-09 03:14:24',0,3.00),(66,'Accounting Computer Packages( 中澳合作项目 )',NULL,'2025-05-09 03:14:24','2025-05-09 03:14:24',0,3.00),(67,'Accounting Modelling( 中澳合作项目 )',NULL,'2025-05-09 03:14:24','2025-05-09 03:14:24',0,3.00),(68,'Accounting Principles',NULL,'2025-05-09 03:14:24','2025-05-09 03:14:24',0,4.00),(69,'Accounting Statement Analysis( 中澳合作项目 )',NULL,'2025-05-09 03:14:24','2025-05-09 03:14:24',0,4.00),(70,'Accounting Systems( 中澳合作项目 )',NULL,'2025-05-09 03:14:24','2025-05-09 03:14:24',0,4.00),(71,'Accounting Technologies( 中澳合作项目 )',NULL,'2025-05-09 03:14:24','2025-05-09 03:14:24',0,2.00),(72,'Accounting( 中澳合作项目 )',NULL,'2025-05-09 03:14:24','2025-05-09 03:14:24',0,3.00),(73,'Advanced Financial Accounting',NULL,'2025-05-09 03:14:24','2025-05-09 03:14:24',0,3.00),(74,'Advanced Financial Management(ACCA)',NULL,'2025-05-09 03:14:24','2025-05-09 03:14:24',0,4.00),(75,'Advanced Financial Reporting(CPA Canada)',NULL,'2025-05-09 03:14:24','2025-05-09 03:14:24',0,3.00),(76,'Advanced Management Accounting（CMA）',NULL,'2025-05-09 03:14:24','2025-05-09 03:14:24',0,3.00),(77,'Advanced Performance Management(ACCA)',NULL,'2025-05-09 03:14:24','2025-05-09 03:14:24',0,4.00),(78,'Audit & Assurance(CPA Canada)',NULL,'2025-05-09 03:14:24','2025-05-09 03:14:24',0,4.00),(79,'Audit and Assurance(ACCA)',NULL,'2025-05-09 03:14:24','2025-05-09 03:14:24',0,4.00),(80,'Auditing & Attestation（USCPA）',NULL,'2025-05-09 03:14:24','2025-05-09 03:14:24',0,6.00),(81,'Auditing( 中澳合作项目 )',NULL,'2025-05-09 03:14:24','2025-05-09 03:14:24',0,3.00),(82,'Business Capstone( 中澳合作项目 )',NULL,'2025-05-09 03:14:24','2025-05-09 03:14:24',0,3.00),(83,'Business Law（USCPA）',NULL,'2025-05-09 03:14:24','2025-05-09 03:14:24',0,3.00),(84,'Communication in Business（中澳合作项目）',NULL,'2025-05-09 03:14:24','2025-05-09 03:14:24',0,3.00),(85,'Company Accounting（中澳合作项目）',NULL,'2025-05-09 03:14:24','2025-05-09 03:14:24',0,3.00),(86,'Company Law for Business( 中澳合作项目 )',NULL,'2025-05-09 03:14:24','2025-05-09 03:14:24',0,3.00),(87,'Corporate and Business Law(ACCA)',NULL,'2025-05-09 03:14:24','2025-05-09 03:14:24',0,3.00),(88,'Corporate Finance',NULL,'2025-05-09 03:14:24','2025-05-09 03:14:24',0,4.00),(89,'Corporate Finance(CPA Canada)',NULL,'2025-05-09 03:14:24','2025-05-09 03:14:24',0,4.00),(90,'Cost & Management Accounting(CMA)',NULL,'2025-05-09 03:14:24','2025-05-09 03:14:24',0,4.00),(91,'Cost & Management Accounting(USCPA)',NULL,'2025-05-09 03:14:24','2025-05-09 03:14:24',0,4.00),(92,'ERP 沙盘模拟企业实战训练',NULL,'2025-05-09 03:14:24','2025-05-09 03:14:24',0,3.00),(93,'Finance Management(IAEP)',NULL,'2025-05-09 03:14:24','2025-05-09 03:14:24',0,2.00),(94,'Finance Principles( 中澳合作项目 )',NULL,'2025-05-09 03:14:24','2025-05-09 03:14:24',0,3.00),(95,'Financial Accounting(ACCA)',NULL,'2025-05-09 03:14:24','2025-05-09 03:14:24',0,3.00),(96,'Financial Accounting( 中澳合作项目 )',NULL,'2025-05-09 03:14:24','2025-05-09 03:14:24',0,4.00),(97,'Financial Management',NULL,'2025-05-09 03:14:24','2025-05-09 03:14:24',0,3.00),(98,'Financial Management(ACCA)',NULL,'2025-05-09 03:14:24','2025-05-09 03:14:24',0,4.00),(99,'Financial Reporting(ACCA)',NULL,'2025-05-09 03:14:24','2025-05-09 03:14:24',0,4.00),(100,'Financial Reporting（中澳合作项目）',NULL,'2025-05-09 03:14:24','2025-05-09 03:14:24',0,3.00),(101,'Intermediate Financial Accounting',NULL,'2025-05-09 03:14:24','2025-05-09 03:14:24',0,6.00),(102,'Intermediate Financial Reporting I(CPA Canada)',NULL,'2025-05-09 03:14:24','2025-05-09 03:14:24',0,3.00),(103,'Intermediate Financial Reporting II(CPA Canada)',NULL,'2025-05-09 03:14:24','2025-05-09 03:14:24',0,3.00),(104,'Intermediate Management Accounting(CPA Canada)',NULL,'2025-05-09 03:14:24','2025-05-09 03:14:24',0,2.00),(105,'International Accounting Standards',NULL,'2025-05-09 03:14:24','2025-05-09 03:14:24',0,2.00),(106,'International Financial Management',NULL,'2025-05-09 03:14:24','2025-05-09 03:14:24',0,2.00),(107,'Introductory Financial Accounting(CPA Canada)',NULL,'2025-05-09 03:14:24','2025-05-09 03:14:24',0,4.00),(108,'Introductory Management Accounting(CPA Canada)',NULL,'2025-05-09 03:14:24','2025-05-09 03:14:24',0,3.00),(109,'Issues in Management Accounting( 中澳合作项目 )',NULL,'2025-05-09 03:14:24','2025-05-09 03:14:24',0,2.00),(110,'Management Accounting(ACCA)',NULL,'2025-05-09 03:14:24','2025-05-09 03:14:24',0,3.00),(111,'Management Accounting（中澳合作项目）',NULL,'2025-05-09 03:14:24','2025-05-09 03:14:24',0,3.00),(112,'Management Control Systems ( 中澳合作项目 )',NULL,'2025-05-09 03:14:24','2025-05-09 03:14:24',0,4.00),(113,'Managerial Accounting',NULL,'2025-05-09 03:14:24','2025-05-09 03:14:24',0,3.00),(114,'Performance Management（ACCA）',NULL,'2025-05-09 03:14:24','2025-05-09 03:14:24',0,3.00),(115,'Performance Management(CPA Canada)',NULL,'2025-05-09 03:14:24','2025-05-09 03:14:24',0,3.00),(116,'Strategic Business Leader（ACCA）',NULL,'2025-05-09 03:14:24','2025-05-09 03:14:24',0,6.00),(117,'Strategic Business Reporting(ACCA)',NULL,'2025-05-09 03:14:24','2025-05-09 03:14:24',0,4.00),(118,'Taxation(ACCA)',NULL,'2025-05-09 03:14:24','2025-05-09 03:14:24',0,3.00),(119,'Taxation（USCPA）',NULL,'2025-05-09 03:14:24','2025-05-09 03:14:24',0,3.00),(120,'财经法规与会计职业道德',NULL,'2025-05-09 03:14:24','2025-05-09 03:14:24',0,2.00),(121,'财务案例研究',NULL,'2025-05-09 03:14:24','2025-05-09 03:14:24',0,2.00),(122,'财务报表分析',NULL,'2025-05-09 03:14:24','2025-05-09 03:14:24',0,2.00),(123,'财务管理',NULL,'2025-05-09 03:14:24','2025-05-09 03:14:24',0,3.00),(124,'财务管理',NULL,'2025-05-09 03:14:24','2025-05-09 03:14:24',0,4.00),(125,'财务管理',NULL,'2025-05-09 03:14:24','2025-05-09 03:14:24',0,2.00),(126,'财务建模',NULL,'2025-05-09 03:14:24','2025-05-09 03:14:24',0,1.00),(127,'财务决策模拟',NULL,'2025-05-09 03:14:24','2025-05-09 03:14:24',0,1.00),(128,'成本管理会计',NULL,'2025-05-09 03:14:24','2025-05-09 03:14:24',0,2.00),(129,'成本会计',NULL,'2025-05-09 03:14:24','2025-05-09 03:14:24',0,2.00),(130,'成本与管理会计',NULL,'2025-05-09 03:14:24','2025-05-09 03:14:24',0,4.00),(131,'创业财务',NULL,'2025-05-09 03:14:24','2025-05-09 03:14:24',0,2.00),(132,'大数据中的数据挖掘',NULL,'2025-05-09 03:14:24','2025-05-09 03:14:24',0,2.00),(133,'高级财务管理',NULL,'2025-05-09 03:14:24','2025-05-09 03:14:24',0,2.00),(134,'高级财务会计',NULL,'2025-05-09 03:14:24','2025-05-09 03:14:24',0,3.00),(135,'高级财务会计',NULL,'2025-05-09 03:14:24','2025-05-09 03:14:24',0,2.00),(136,'个人与家庭理财',NULL,'2025-05-09 03:14:24','2025-05-09 03:14:24',0,2.00),(137,'公司战略与风险管理',NULL,'2025-05-09 03:14:24','2025-05-09 03:14:24',0,3.00),(138,'公司战略与风险管理',NULL,'2025-05-09 03:14:24','2025-05-09 03:14:24',0,2.00),(139,'公司治理与战略管理',NULL,'2025-05-09 03:14:24','2025-05-09 03:14:24',0,2.00),(140,'管理会计',NULL,'2025-05-09 03:14:24','2025-05-09 03:14:24',0,4.00),(141,'国际财务管理',NULL,'2025-05-09 03:14:24','2025-05-09 03:14:24',0,2.00),(142,'会计核算模拟',NULL,'2025-05-09 03:14:24','2025-05-09 03:14:24',0,1.00),(143,'会计理论专题',NULL,'2025-05-09 03:14:24','2025-05-09 03:14:24',0,2.00),(144,'会计模拟实验',NULL,'2025-05-09 03:14:24','2025-05-09 03:14:24',0,1.00),(145,'会计信息系统',NULL,'2025-05-09 03:14:24','2025-05-09 03:14:24',0,3.00),(146,'会计学',NULL,'2025-05-09 03:14:24','2025-05-09 03:14:24',0,3.00),(147,'会计学基础',NULL,'2025-05-09 03:14:24','2025-05-09 03:14:24',0,3.00),(148,'会计学基础',NULL,'2025-05-09 03:14:24','2025-05-09 03:14:24',0,2.00),(149,'会计综合模拟',NULL,'2025-05-09 03:14:24','2025-05-09 03:14:24',0,2.00),(150,'建设单位会计',NULL,'2025-05-09 03:14:24','2025-05-09 03:14:24',0,2.00),(151,'金融企业会计',NULL,'2025-05-09 03:14:24','2025-05-09 03:14:24',0,2.00),(152,'审计模拟实验',NULL,'2025-05-09 03:14:24','2025-05-09 03:14:24',0,1.00),(153,'政府与非营利组织会计',NULL,'2025-05-09 03:14:24','2025-05-09 03:14:24',0,2.00),(154,'中级财务会计',NULL,'2025-05-09 03:14:24','2025-05-09 03:14:24',0,3.00),(155,'中级财务会计',NULL,'2025-05-09 03:14:24','2025-05-09 03:14:24',0,4.00),(156,'中级财务会计',NULL,'2025-05-09 03:14:24','2025-05-09 03:14:24',0,2.00),(157,'中级财务会计（CPA）',NULL,'2025-05-09 03:14:24','2025-05-09 03:14:24',0,2.00),(158,'Corporate Finance(CFA)',NULL,'2025-05-09 03:14:24','2025-05-09 03:14:24',0,3.00),(159,'Derivatives and Alternative Investment(CFA)',NULL,'2025-05-09 03:14:24','2025-05-09 03:14:24',0,2.00),(160,'Ethical and Professional Standards(CFA)',NULL,'2025-05-09 03:14:24','2025-05-09 03:14:24',0,2.00),(161,'Euity Investment and Portfolio Management（cfa）',NULL,'2025-05-09 03:14:24','2025-05-09 03:14:24',0,4.00),(162,'Financial Statement Analysis(CFA)',NULL,'2025-05-09 03:14:24','2025-05-09 03:14:24',0,4.00),(163,'Fixed Income(CFA)',NULL,'2025-05-09 03:14:24','2025-05-09 03:14:24',0,2.00),(164,'International Settlement',NULL,'2025-05-09 03:14:24','2025-05-09 03:14:24',0,3.00),(165,'Matlab 与金融建模',NULL,'2025-05-09 03:14:24','2025-05-09 03:14:24',0,2.00),(166,'Matlab 与金融建模',NULL,'2025-05-09 03:14:24','2025-05-09 03:14:24',0,3.00),(167,'Quantitative Methods(CFA)',NULL,'2025-05-09 03:14:24','2025-05-09 03:14:24',0,3.00),(168,'保险常识',NULL,'2025-05-09 03:14:24','2025-05-09 03:14:24',0,2.00),(169,'保险公司经营管理',NULL,'2025-05-09 03:14:24','2025-05-09 03:14:24',0,2.00),(170,'保险会计',NULL,'2025-05-09 03:14:24','2025-05-09 03:14:24',0,2.00),(171,'保险精算学',NULL,'2025-05-09 03:14:24','2025-05-09 03:14:24',0,3.00),(172,'保险精算学',NULL,'2025-05-09 03:14:24','2025-05-09 03:14:24',0,2.00),(173,'保险热点与前沿问题探讨',NULL,'2025-05-09 03:14:24','2025-05-09 03:14:24',0,2.00),(174,'保险学',NULL,'2025-05-09 03:14:24','2025-05-09 03:14:24',0,2.00),(175,'保险学',NULL,'2025-05-09 03:14:24','2025-05-09 03:14:24',0,3.00),(176,'保险学专业综合实验',NULL,'2025-05-09 03:14:24','2025-05-09 03:14:24',0,2.00),(177,'保险营销学',NULL,'2025-05-09 03:14:24','2025-05-09 03:14:24',0,2.00),(178,'财产保险学',NULL,'2025-05-09 03:14:24','2025-05-09 03:14:24',0,3.00),(179,'财富管理',NULL,'2025-05-09 03:14:24','2025-05-09 03:14:24',0,2.00),(180,'财富与幸福',NULL,'2025-05-09 03:14:24','2025-05-09 03:14:24',0,2.00),(181,'房地产金融',NULL,'2025-05-09 03:14:24','2025-05-09 03:14:24',0,2.00),(182,'房地产金融与投资',NULL,'2025-05-09 03:14:24','2025-05-09 03:14:24',0,2.00),(183,'风险投资',NULL,'2025-05-09 03:14:24','2025-05-09 03:14:24',0,2.00),(184,'风险投资学',NULL,'2025-05-09 03:14:24','2025-05-09 03:14:24',0,2.00),(185,'公司金融',NULL,'2025-05-09 03:14:24','2025-05-09 03:14:24',0,3.00),(186,'公司金融',NULL,'2025-05-09 03:14:24','2025-05-09 03:14:24',0,2.00),(187,'固定收益证券',NULL,'2025-05-09 03:14:24','2025-05-09 03:14:24',0,2.00),(188,'国际结算',NULL,'2025-05-09 03:14:24','2025-05-09 03:14:24',0,3.00),(189,'国际结算',NULL,'2025-05-09 03:14:24','2025-05-09 03:14:24',0,2.00),(190,'国际金融',NULL,'2025-05-09 03:14:24','2025-05-09 03:14:24',0,3.00),(191,'国际金融',NULL,'2025-05-09 03:14:24','2025-05-09 03:14:24',0,2.00),(192,'国际金融理论与实务',NULL,'2025-05-09 03:14:24','2025-05-09 03:14:24',0,2.00),(193,'国际金融学',NULL,'2025-05-09 03:14:24','2025-05-09 03:14:24',0,3.00),(194,'国际金融学',NULL,'2025-05-09 03:14:24','2025-05-09 03:14:24',0,2.00),(195,'海上保险学',NULL,'2025-05-09 03:14:24','2025-05-09 03:14:24',0,2.00),(196,'行为金融学',NULL,'2025-05-09 03:14:24','2025-05-09 03:14:24',0,2.00),(197,'货币银行学',NULL,'2025-05-09 03:14:24','2025-05-09 03:14:24',0,2.00),(198,'金融风险管理',NULL,'2025-05-09 03:14:24','2025-05-09 03:14:24',0,3.00),(199,'金融风险管理',NULL,'2025-05-09 03:14:24','2025-05-09 03:14:24',0,2.00),(200,'金融服务营销',NULL,'2025-05-09 03:14:24','2025-05-09 03:14:24',0,2.00),(201,'金融服务营销',NULL,'2025-05-09 03:14:24','2025-05-09 03:14:24',0,3.00),(202,'金融工程学',NULL,'2025-05-09 03:14:24','2025-05-09 03:14:24',0,3.00),(203,'金融工程学',NULL,'2025-05-09 03:14:24','2025-05-09 03:14:24',0,2.00),(204,'金融工程专业综合实验',NULL,'2025-05-09 03:14:24','2025-05-09 03:14:24',0,2.00),(205,'金融计量学',NULL,'2025-05-09 03:14:24','2025-05-09 03:14:24',0,3.00),(206,'金融计量学',NULL,'2025-05-09 03:14:24','2025-05-09 03:14:24',0,2.00),(207,'金融监管理论与实务',NULL,'2025-05-09 03:14:24','2025-05-09 03:14:24',0,2.00),(208,'金融经济学',NULL,'2025-05-09 03:14:24','2025-05-09 03:14:24',0,3.00),(209,'金融科技与互联网金融',NULL,'2025-05-09 03:14:24','2025-05-09 03:14:24',0,2.00),(210,'金融科技与金融监管',NULL,'2025-05-09 03:14:24','2025-05-09 03:14:24',0,2.00),(211,'金融前沿问题',NULL,'2025-05-09 03:14:24','2025-05-09 03:14:24',0,2.00),(212,'金融热点解读',NULL,'2025-05-09 03:14:24','2025-05-09 03:14:24',0,2.00),(213,'金融审计',NULL,'2025-05-09 03:14:24','2025-05-09 03:14:24',0,2.00),(214,'金融时间序列分析',NULL,'2025-05-09 03:14:24','2025-05-09 03:14:24',0,2.00),(215,'金融市场波动之谜',NULL,'2025-05-09 03:14:24','2025-05-09 03:14:24',0,2.00),(216,'金融数据分析技术',NULL,'2025-05-09 03:14:24','2025-05-09 03:14:24',0,2.00),(217,'金融随机分析',NULL,'2025-05-09 03:14:24','2025-05-09 03:14:24',0,2.00),(218,'金融学',NULL,'2025-05-09 03:14:24','2025-05-09 03:14:24',0,4.00),(219,'金融学',NULL,'2025-05-09 03:14:24','2025-05-09 03:14:24',0,3.00),(220,'金融学',NULL,'2025-05-09 03:14:24','2025-05-09 03:14:24',0,2.00),(221,'金融学专业（cfa）综合实验',NULL,'2025-05-09 03:14:24','2025-05-09 03:14:24',0,2.00),(222,'金融学专业综合实验',NULL,'2025-05-09 03:14:24','2025-05-09 03:14:24',0,2.00),(223,'金融衍生工具',NULL,'2025-05-09 03:14:24','2025-05-09 03:14:24',0,2.00),(224,'经济博弈论',NULL,'2025-05-09 03:14:24','2025-05-09 03:14:24',0,2.00),(225,'明代白银货币史',NULL,'2025-05-09 03:14:24','2025-05-09 03:14:24',0,3.00),(226,'明代白银货币史',NULL,'2025-05-09 03:14:24','2025-05-09 03:14:24',0,2.00),(227,'期货与期权市场',NULL,'2025-05-09 03:14:24','2025-05-09 03:14:24',0,2.00),(228,'企业与个人信用管理',NULL,'2025-05-09 03:14:24','2025-05-09 03:14:24',0,2.00),(229,'汽车保险',NULL,'2025-05-09 03:14:24','2025-05-09 03:14:24',0,2.00),(230,'人口理论',NULL,'2025-05-09 03:14:24','2025-05-09 03:14:24',0,2.00),(231,'人身保险学',NULL,'2025-05-09 03:14:24','2025-05-09 03:14:24',0,3.00),(232,'商业银行业务与经营',NULL,'2025-05-09 03:14:24','2025-05-09 03:14:24',0,3.00),(233,'商业银行业务与经营',NULL,'2025-05-09 03:14:24','2025-05-09 03:14:24',0,2.00),(234,'社会主义经济学',NULL,'2025-05-09 03:14:24','2025-05-09 03:14:24',0,3.00),(235,'投资项目评估',NULL,'2025-05-09 03:14:24','2025-05-09 03:14:24',0,2.00),(236,'投资学',NULL,'2025-05-09 03:14:24','2025-05-09 03:14:24',0,2.00),(237,'投资学',NULL,'2025-05-09 03:14:24','2025-05-09 03:14:24',0,3.00),(238,'投资学专业综合实验',NULL,'2025-05-09 03:14:24','2025-05-09 03:14:24',0,2.00),(239,'投资银行学',NULL,'2025-05-09 03:14:24','2025-05-09 03:14:24',0,3.00),(240,'投资银行学',NULL,'2025-05-09 03:14:24','2025-05-09 03:14:24',0,2.00),(241,'项目评估与管理',NULL,'2025-05-09 03:14:24','2025-05-09 03:14:24',0,3.00),(242,'校园行为经济学',NULL,'2025-05-09 03:14:24','2025-05-09 03:14:24',0,3.00),(243,'信用风险管理',NULL,'2025-05-09 03:14:24','2025-05-09 03:14:24',0,2.00),(244,'信用管理学',NULL,'2025-05-09 03:14:24','2025-05-09 03:14:24',0,3.00),(245,'信用管理学',NULL,'2025-05-09 03:14:24','2025-05-09 03:14:24',0,2.00),(246,'信用管理专业综合实验',NULL,'2025-05-09 03:14:24','2025-05-09 03:14:24',0,2.00),(247,'信用经济学',NULL,'2025-05-09 03:14:24','2025-05-09 03:14:24',0,3.00),(248,'信用评级',NULL,'2025-05-09 03:14:24','2025-05-09 03:14:24',0,3.00),(249,'银行理财业务',NULL,'2025-05-09 03:14:24','2025-05-09 03:14:24',0,2.00),(250,'银行信贷管理学',NULL,'2025-05-09 03:14:24','2025-05-09 03:14:24',0,3.00),(251,'银行信贷实训',NULL,'2025-05-09 03:14:24','2025-05-09 03:14:24',0,1.00),(252,'再保险',NULL,'2025-05-09 03:14:24','2025-05-09 03:14:24',0,2.00),(253,'在大学学做事',NULL,'2025-05-09 03:14:24','2025-05-09 03:14:24',0,2.00),(254,'征信理论与实务',NULL,'2025-05-09 03:14:24','2025-05-09 03:14:24',0,2.00),(255,'证券投资分析',NULL,'2025-05-09 03:14:24','2025-05-09 03:14:24',0,3.00),(256,'证券投资实训',NULL,'2025-05-09 03:14:24','2025-05-09 03:14:24',0,1.00),(257,'证券投资学',NULL,'2025-05-09 03:14:24','2025-05-09 03:14:24',0,3.00),(258,'证券投资学',NULL,'2025-05-09 03:14:24','2025-05-09 03:14:24',0,2.00),(259,'中央银行学',NULL,'2025-05-09 03:14:24','2025-05-09 03:14:24',0,2.00),(260,'中央银行学与金融监管',NULL,'2025-05-09 03:14:24','2025-05-09 03:14:24',0,3.00),(261,'中央银行与金融监管',NULL,'2025-05-09 03:14:24','2025-05-09 03:14:24',0,2.00),(262,'资产评估',NULL,'2025-05-09 03:14:24','2025-05-09 03:14:24',0,2.00),(263,'“ 一带一路 ” 战略解读',NULL,'2025-05-09 03:14:24','2025-05-09 03:14:24',0,2.00),(264,'《道德经》与日常经济决策',NULL,'2025-05-09 03:14:24','2025-05-09 03:14:24',0,2.00),(265,'《资本论》（选读）',NULL,'2025-05-09 03:14:24','2025-05-09 03:14:24',0,3.00),(266,'Economics(CFA)',NULL,'2025-05-09 03:14:24','2025-05-09 03:14:24',0,2.00),(267,'Macroeconomics',NULL,'2025-05-09 03:14:24','2025-05-09 03:14:24',0,3.00),(268,'Microeconomics',NULL,'2025-05-09 03:14:24','2025-05-09 03:14:24',0,3.00),(269,'PUBLIC FINANCE',NULL,'2025-05-09 03:14:24','2025-05-09 03:14:24',0,3.00),(270,'WTO 理论与政策',NULL,'2025-05-09 03:14:24','2025-05-09 03:14:24',0,2.00),(271,'报关实务',NULL,'2025-05-09 03:14:24','2025-05-09 03:14:24',0,2.00),(272,'博弈论',NULL,'2025-05-09 03:14:24','2025-05-09 03:14:24',0,3.00),(273,'财税文献检索与写作实验',NULL,'2025-05-09 03:14:24','2025-05-09 03:14:24',0,2.00),(274,'财政管理',NULL,'2025-05-09 03:14:24','2025-05-09 03:14:24',0,3.00),(275,'财政行为实验',NULL,'2025-05-09 03:14:24','2025-05-09 03:14:24',0,2.00),(276,'财政理论与政策',NULL,'2025-05-09 03:14:24','2025-05-09 03:14:24',0,2.00),(277,'财政审计',NULL,'2025-05-09 03:14:24','2025-05-09 03:14:24',0,3.00),(278,'财政审计模拟实验',NULL,'2025-05-09 03:14:24','2025-05-09 03:14:24',0,2.00),(279,'财政学',NULL,'2025-05-09 03:14:24','2025-05-09 03:14:24',0,3.00),(280,'产业发展与财税政策专题',NULL,'2025-05-09 03:14:24','2025-05-09 03:14:24',0,2.00),(281,'产业经济学',NULL,'2025-05-09 03:14:24','2025-05-09 03:14:24',0,3.00),(282,'产业经济学',NULL,'2025-05-09 03:14:24','2025-05-09 03:14:24',0,2.00),(283,'超级 IP 簇自我营造',NULL,'2025-05-09 03:14:24','2025-05-09 03:14:24',0,1.00),(284,'城市的过去与未来',NULL,'2025-05-09 03:14:24','2025-05-09 03:14:24',0,2.00),(285,'程序设计',NULL,'2025-05-09 03:14:24','2025-05-09 03:14:24',0,3.00),(286,'大国大城的中国思考',NULL,'2025-05-09 03:14:24','2025-05-09 03:14:24',0,2.00),(287,'电子商务',NULL,'2025-05-09 03:14:24','2025-05-09 03:14:24',0,2.00),(288,'电子商务案例',NULL,'2025-05-09 03:14:24','2025-05-09 03:14:24',0,2.00),(289,'电子商务概论',NULL,'2025-05-09 03:14:24','2025-05-09 03:14:24',0,2.00),(290,'电子商务供应链管理',NULL,'2025-05-09 03:14:24','2025-05-09 03:14:24',0,2.00),(291,'电子商务及案例分析',NULL,'2025-05-09 03:14:24','2025-05-09 03:14:24',0,2.00),(292,'电子商务物流管理',NULL,'2025-05-09 03:14:24','2025-05-09 03:14:24',0,3.00),(293,'电子商务系统设计与开发',NULL,'2025-05-09 03:14:24','2025-05-09 03:14:24',0,3.00),(294,'电子商务项目策划',NULL,'2025-05-09 03:14:24','2025-05-09 03:14:24',0,2.00),(295,'电子商务原理',NULL,'2025-05-09 03:14:24','2025-05-09 03:14:24',0,3.00),(296,'电子商务专题',NULL,'2025-05-09 03:14:24','2025-05-09 03:14:24',0,2.00),(297,'电子商务专业综合实验',NULL,'2025-05-09 03:14:24','2025-05-09 03:14:24',0,2.00),(298,'电子支付与网络安全',NULL,'2025-05-09 03:14:24','2025-05-09 03:14:24',0,3.00),(299,'电子支付与网络安全',NULL,'2025-05-09 03:14:24','2025-05-09 03:14:24',0,2.00),(300,'发展经济学',NULL,'2025-05-09 03:14:24','2025-05-09 03:14:24',0,3.00),(301,'房地产热点问题',NULL,'2025-05-09 03:14:24','2025-05-09 03:14:24',0,1.00),(302,'服务贸易',NULL,'2025-05-09 03:14:24','2025-05-09 03:14:24',0,3.00),(303,'国际公共经济学',NULL,'2025-05-09 03:14:24','2025-05-09 03:14:24',0,2.00),(304,'国际经济贸易专题',NULL,'2025-05-09 03:14:24','2025-05-09 03:14:24',0,2.00),(305,'国际经济热点问题',NULL,'2025-05-09 03:14:24','2025-05-09 03:14:24',0,2.00),(306,'国际经济学',NULL,'2025-05-09 03:14:24','2025-05-09 03:14:24',0,3.00),(307,'国际经济与贸易专业综合实验',NULL,'2025-05-09 03:14:24','2025-05-09 03:14:24',0,2.00),(308,'国际贸易',NULL,'2025-05-09 03:14:24','2025-05-09 03:14:24',0,2.00),(309,'国际贸易',NULL,'2025-05-09 03:14:24','2025-05-09 03:14:24',0,3.00),(310,'国际贸易地理',NULL,'2025-05-09 03:14:24','2025-05-09 03:14:24',0,2.00),(311,'国际贸易热点专题',NULL,'2025-05-09 03:14:24','2025-05-09 03:14:24',0,2.00),(312,'国际贸易实务',NULL,'2025-05-09 03:14:24','2025-05-09 03:14:24',0,3.00),(313,'国际贸易实务',NULL,'2025-05-09 03:14:24','2025-05-09 03:14:24',0,2.00),(314,'国际商务谈判',NULL,'2025-05-09 03:14:24','2025-05-09 03:14:24',0,3.00),(315,'国际税收',NULL,'2025-05-09 03:14:24','2025-05-09 03:14:24',0,3.00),(316,'国民经济管理',NULL,'2025-05-09 03:14:24','2025-05-09 03:14:24',0,3.00),(317,'国有资产资源管理审计',NULL,'2025-05-09 03:14:24','2025-05-09 03:14:24',0,2.00),(318,'宏观经济学',NULL,'2025-05-09 03:14:24','2025-05-09 03:14:24',0,3.00),(319,'环境经济学',NULL,'2025-05-09 03:14:24','2025-05-09 03:14:24',0,3.00),(320,'计量经济学',NULL,'2025-05-09 03:14:24','2025-05-09 03:14:24',0,2.00),(321,'计量经济学',NULL,'2025-05-09 03:14:24','2025-05-09 03:14:24',0,3.00),(322,'计量经济学专题',NULL,'2025-05-09 03:14:24','2025-05-09 03:14:24',0,2.00),(323,'计算机网络',NULL,'2025-05-09 03:14:24','2025-05-09 03:14:24',0,3.00),(324,'金融监管专题',NULL,'2025-05-09 03:14:24','2025-05-09 03:14:24',0,2.00),(325,'金融新趋势',NULL,'2025-05-09 03:14:24','2025-05-09 03:14:24',0,2.00),(326,'进出口业务',NULL,'2025-05-09 03:14:24','2025-05-09 03:14:24',0,2.00),(327,'经济地理',NULL,'2025-05-09 03:14:24','2025-05-09 03:14:24',0,2.00),(328,'经济地理学',NULL,'2025-05-09 03:14:24','2025-05-09 03:14:24',0,2.00),(329,'经济史',NULL,'2025-05-09 03:14:24','2025-05-09 03:14:24',0,3.00),(330,'经济思想史',NULL,'2025-05-09 03:14:24','2025-05-09 03:14:24',0,3.00),(331,'经济学',NULL,'2025-05-09 03:14:24','2025-05-09 03:14:24',0,3.00),(332,'经济学方法论',NULL,'2025-05-09 03:14:24','2025-05-09 03:14:24',0,2.00),(333,'经济学通论',NULL,'2025-05-09 03:14:24','2025-05-09 03:14:24',0,3.00),(334,'经济学原理',NULL,'2025-05-09 03:14:24','2025-05-09 03:14:24',0,4.00),(335,'经济学专业综合实验',NULL,'2025-05-09 03:14:24','2025-05-09 03:14:24',0,2.00),(336,'跨国公司概论',NULL,'2025-05-09 03:14:24','2025-05-09 03:14:24',0,2.00),(337,'跨境电商理论与实务',NULL,'2025-05-09 03:14:24','2025-05-09 03:14:24',0,2.00),(338,'劳动经济学理论导读与实证规范',NULL,'2025-05-09 03:14:24','2025-05-09 03:14:24',0,2.00),(339,'零售学',NULL,'2025-05-09 03:14:24','2025-05-09 03:14:24',0,3.00),(340,'马克思主义经济思想史',NULL,'2025-05-09 03:14:24','2025-05-09 03:14:24',0,2.00),(341,'贸易经济学',NULL,'2025-05-09 03:14:24','2025-05-09 03:14:24',0,3.00),(342,'贸易经济专业综合实验',NULL,'2025-05-09 03:14:24','2025-05-09 03:14:24',0,2.00),(343,'平台经济',NULL,'2025-05-09 03:14:24','2025-05-09 03:14:24',0,2.00),(344,'区块链与加密货币经济',NULL,'2025-05-09 03:14:24','2025-05-09 03:14:24',0,2.00),(345,'区域经济学',NULL,'2025-05-09 03:14:24','2025-05-09 03:14:24',0,2.00),(346,'全球贸易史',NULL,'2025-05-09 03:14:24','2025-05-09 03:14:24',0,3.00),(347,'全球贸易史之地中海篇',NULL,'2025-05-09 03:14:24','2025-05-09 03:14:24',0,3.00),(348,'全球贸易史之东亚篇',NULL,'2025-05-09 03:14:24','2025-05-09 03:14:24',0,3.00),(349,'全球贸易史之葡萄牙帝国篇',NULL,'2025-05-09 03:14:24','2025-05-09 03:14:24',0,3.00),(350,'全球贸易史之英帝国篇',NULL,'2025-05-09 03:14:24','2025-05-09 03:14:24',0,3.00),(351,'让数据自己说话：DEA 绩效评估的妙趣',NULL,'2025-05-09 03:14:24','2025-05-09 03:14:24',0,2.00),(352,'商品学',NULL,'2025-05-09 03:14:24','2025-05-09 03:14:24',0,2.00),(353,'社会主义市场经济理论',NULL,'2025-05-09 03:14:24','2025-05-09 03:14:24',0,3.00),(354,'生活中的经济学',NULL,'2025-05-09 03:14:24','2025-05-09 03:14:24',0,2.00),(355,'生活中的税收',NULL,'2025-05-09 03:14:24','2025-05-09 03:14:24',0,3.00),(356,'数理经济学',NULL,'2025-05-09 03:14:24','2025-05-09 03:14:24',0,3.00),(357,'水浒人物人生抉择之借鉴',NULL,'2025-05-09 03:14:24','2025-05-09 03:14:24',0,2.00),(358,'税法',NULL,'2025-05-09 03:14:24','2025-05-09 03:14:24',0,2.00),(359,'税法 (CPA)',NULL,'2025-05-09 03:14:24','2025-05-09 03:14:24',0,3.00),(360,'税法 (CPA)',NULL,'2025-05-09 03:14:24','2025-05-09 03:14:24',0,2.00),(361,'税收经济学',NULL,'2025-05-09 03:14:24','2025-05-09 03:14:24',0,3.00),(362,'税收综合实验课',NULL,'2025-05-09 03:14:24','2025-05-09 03:14:24',0,2.00),(363,'税务筹划',NULL,'2025-05-09 03:14:24','2025-05-09 03:14:24',0,3.00),(364,'税务代理与实务',NULL,'2025-05-09 03:14:24','2025-05-09 03:14:24',0,2.00),(365,'税务管理',NULL,'2025-05-09 03:14:24','2025-05-09 03:14:24',0,3.00),(366,'税务会计',NULL,'2025-05-09 03:14:24','2025-05-09 03:14:24',0,3.00),(367,'税务会计',NULL,'2025-05-09 03:14:24','2025-05-09 03:14:24',0,2.00),(368,'税务会计与纳税申报实验',NULL,'2025-05-09 03:14:24','2025-05-09 03:14:24',0,2.00),(369,'税务稽查',NULL,'2025-05-09 03:14:24','2025-05-09 03:14:24',0,3.00),(370,'外国税制',NULL,'2025-05-09 03:14:24','2025-05-09 03:14:24',0,2.00),(371,'外贸函电',NULL,'2025-05-09 03:14:24','2025-05-09 03:14:24',0,2.00),(372,'网络经济学',NULL,'2025-05-09 03:14:24','2025-05-09 03:14:24',0,3.00),(373,'网络经济学',NULL,'2025-05-09 03:14:24','2025-05-09 03:14:24',0,2.00),(374,'网络营销',NULL,'2025-05-09 03:14:24','2025-05-09 03:14:24',0,3.00),(375,'网络营销',NULL,'2025-05-09 03:14:24','2025-05-09 03:14:24',0,2.00),(376,'微观经济学',NULL,'2025-05-09 03:14:24','2025-05-09 03:14:24',0,3.00),(377,'西方经济学流派',NULL,'2025-05-09 03:14:24','2025-05-09 03:14:24',0,2.00),(378,'新制度经济学',NULL,'2025-05-09 03:14:24','2025-05-09 03:14:24',0,2.00),(379,'一带一路与经济地理',NULL,'2025-05-09 03:14:24','2025-05-09 03:14:24',0,3.00),(380,'一带一路与能源地缘经济',NULL,'2025-05-09 03:14:24','2025-05-09 03:14:24',0,2.00),(381,'移动电子商务',NULL,'2025-05-09 03:14:24','2025-05-09 03:14:24',0,2.00),(382,'易经与人生',NULL,'2025-05-09 03:14:24','2025-05-09 03:14:24',0,2.00),(383,'预算管理模拟',NULL,'2025-05-09 03:14:24','2025-05-09 03:14:24',0,1.00),(384,'预算会计',NULL,'2025-05-09 03:14:24','2025-05-09 03:14:24',0,3.00),(385,'预算会计模拟',NULL,'2025-05-09 03:14:24','2025-05-09 03:14:24',0,1.00),(386,'政府经济学',NULL,'2025-05-09 03:14:24','2025-05-09 03:14:24',0,3.00),(387,'政府与非盈利组织会计',NULL,'2025-05-09 03:14:24','2025-05-09 03:14:24',0,2.00),(388,'政府预算',NULL,'2025-05-09 03:14:24','2025-05-09 03:14:24',0,3.00),(389,'政治经济学',NULL,'2025-05-09 03:14:24','2025-05-09 03:14:24',0,3.00),(390,'政治经济学',NULL,'2025-05-09 03:14:24','2025-05-09 03:14:24',0,4.00),(391,'制度经济学',NULL,'2025-05-09 03:14:24','2025-05-09 03:14:24',0,2.00),(392,'智能制造及创业管理',NULL,'2025-05-09 03:14:24','2025-05-09 03:14:24',0,1.00),(393,'中国财政史',NULL,'2025-05-09 03:14:24','2025-05-09 03:14:24',0,2.00),(394,'中国对外经贸热点研究',NULL,'2025-05-09 03:14:24','2025-05-09 03:14:24',0,2.00),(395,'中国对外贸易概论',NULL,'2025-05-09 03:14:24','2025-05-09 03:14:24',0,3.00),(396,'中国经济问题',NULL,'2025-05-09 03:14:24','2025-05-09 03:14:24',0,2.00),(397,'中国经济专题',NULL,'2025-05-09 03:14:24','2025-05-09 03:14:24',0,3.00),(398,'中国经济专题',NULL,'2025-05-09 03:14:24','2025-05-09 03:14:24',0,2.00),(399,'中国区域经济政策及热点解读',NULL,'2025-05-09 03:14:24','2025-05-09 03:14:24',0,3.00),(400,'中国商业史',NULL,'2025-05-09 03:14:24','2025-05-09 03:14:24',0,2.00),(401,'中国税收问题',NULL,'2025-05-09 03:14:24','2025-05-09 03:14:24',0,2.00),(402,'中国税制',NULL,'2025-05-09 03:14:24','2025-05-09 03:14:24',0,3.00),(403,'中华人民共和国经济史',NULL,'2025-05-09 03:14:24','2025-05-09 03:14:24',0,2.00),(404,'中级宏观经济学',NULL,'2025-05-09 03:14:24','2025-05-09 03:14:24',0,4.00),(405,'中级宏观经济学',NULL,'2025-05-09 03:14:24','2025-05-09 03:14:24',0,3.00),(406,'中级微观经济学',NULL,'2025-05-09 03:14:24','2025-05-09 03:14:24',0,4.00),(407,'中级微观经济学',NULL,'2025-05-09 03:14:24','2025-05-09 03:14:24',0,3.00),(408,'中美经贸热点研究',NULL,'2025-05-09 03:14:24','2025-05-09 03:14:24',0,2.00),(409,'比较保障制度',NULL,'2025-05-09 03:14:24','2025-05-09 03:14:24',0,2.00),(410,'比较政治学',NULL,'2025-05-09 03:14:24','2025-05-09 03:14:24',0,2.00),(411,'财政审计',NULL,'2025-05-09 03:14:24','2025-05-09 03:14:24',0,2.00),(412,'城市发展',NULL,'2025-05-09 03:14:24','2025-05-09 03:14:24',0,2.00),(413,'城市管理学',NULL,'2025-05-09 03:14:24','2025-05-09 03:14:24',0,3.00),(414,'当代中国政府与政治',NULL,'2025-05-09 03:14:24','2025-05-09 03:14:24',0,3.00),(415,'地方政府治理',NULL,'2025-05-09 03:14:24','2025-05-09 03:14:24',0,2.00),(416,'非营利组织管理',NULL,'2025-05-09 03:14:24','2025-05-09 03:14:24',0,2.00),(417,'公共部门绩效管理',NULL,'2025-05-09 03:14:24','2025-05-09 03:14:24',0,4.00),(418,'公共部门人力资源管理',NULL,'2025-05-09 03:14:24','2025-05-09 03:14:24',0,3.00),(419,'公共管理案例分析',NULL,'2025-05-09 03:14:24','2025-05-09 03:14:24',0,2.00),(420,'公共管理学',NULL,'2025-05-09 03:14:24','2025-05-09 03:14:24',0,3.00),(421,'公共管理学',NULL,'2025-05-09 03:14:24','2025-05-09 03:14:24',0,2.00),(422,'公共管理与政策',NULL,'2025-05-09 03:14:24','2025-05-09 03:14:24',0,2.00),(423,'公共经济学',NULL,'2025-05-09 03:14:24','2025-05-09 03:14:24',0,3.00),(424,'公共伦理学',NULL,'2025-05-09 03:14:24','2025-05-09 03:14:24',0,3.00),(425,'公共预算管理',NULL,'2025-05-09 03:14:24','2025-05-09 03:14:24',0,2.00),(426,'公共政策学',NULL,'2025-05-09 03:14:24','2025-05-09 03:14:24',0,3.00),(427,'公共组织学',NULL,'2025-05-09 03:14:24','2025-05-09 03:14:24',0,3.00),(428,'公文写作',NULL,'2025-05-09 03:14:24','2025-05-09 03:14:24',0,2.00),(429,'管理心理学',NULL,'2025-05-09 03:14:24','2025-05-09 03:14:24',0,2.00),(430,'国际政治经济学',NULL,'2025-05-09 03:14:24','2025-05-09 03:14:24',0,2.00),(431,'国际政治学',NULL,'2025-05-09 03:14:24','2025-05-09 03:14:24',0,3.00),(432,'行政法学',NULL,'2025-05-09 03:14:24','2025-05-09 03:14:24',0,3.00),(433,'行政法学',NULL,'2025-05-09 03:14:24','2025-05-09 03:14:24',0,2.00),(434,'行政沟通',NULL,'2025-05-09 03:14:24','2025-05-09 03:14:24',0,2.00),(435,'行政经典导读',NULL,'2025-05-09 03:14:24','2025-05-09 03:14:24',0,2.00),(436,'行政职业能力开发',NULL,'2025-05-09 03:14:24','2025-05-09 03:14:24',0,2.00),(437,'行政职业能力倾向测试',NULL,'2025-05-09 03:14:24','2025-05-09 03:14:24',0,3.00),(438,'经济文献检索实验',NULL,'2025-05-09 03:14:24','2025-05-09 03:14:24',0,1.00),(439,'劳动关系学',NULL,'2025-05-09 03:14:24','2025-05-09 03:14:24',0,2.00),(440,'劳动经济学',NULL,'2025-05-09 03:14:24','2025-05-09 03:14:24',0,4.00),(441,'美学原理',NULL,'2025-05-09 03:14:24','2025-05-09 03:14:24',0,2.00),(442,'社保基金管理',NULL,'2025-05-09 03:14:24','2025-05-09 03:14:24',0,2.00),(443,'社会保险学',NULL,'2025-05-09 03:14:24','2025-05-09 03:14:24',0,2.00),(444,'社会保障前沿问题',NULL,'2025-05-09 03:14:24','2025-05-09 03:14:24',0,2.00),(445,'社会保障学',NULL,'2025-05-09 03:14:24','2025-05-09 03:14:24',0,3.00),(446,'社会风险管理',NULL,'2025-05-09 03:14:24','2025-05-09 03:14:24',0,3.00),(447,'社会福利与社会救助',NULL,'2025-05-09 03:14:24','2025-05-09 03:14:24',0,2.00),(448,'社会调查理论与方法',NULL,'2025-05-09 03:14:24','2025-05-09 03:14:24',0,2.00),(449,'社会学',NULL,'2025-05-09 03:14:24','2025-05-09 03:14:24',0,3.00),(450,'社会学',NULL,'2025-05-09 03:14:24','2025-05-09 03:14:24',0,2.00),(451,'社会组织与社会治理',NULL,'2025-05-09 03:14:24','2025-05-09 03:14:24',0,3.00),(452,'社区管理实务',NULL,'2025-05-09 03:14:24','2025-05-09 03:14:24',0,2.00),(453,'生活中的统计学',NULL,'2025-05-09 03:14:24','2025-05-09 03:14:24',0,3.00),(454,'外交学',NULL,'2025-05-09 03:14:24','2025-05-09 03:14:24',0,3.00),(455,'西方哲学史',NULL,'2025-05-09 03:14:24','2025-05-09 03:14:24',0,3.00),(456,'项目管理',NULL,'2025-05-09 03:14:24','2025-05-09 03:14:24',0,2.00),(457,'政府公共关系',NULL,'2025-05-09 03:14:24','2025-05-09 03:14:24',0,2.00),(458,'政治学',NULL,'2025-05-09 03:14:24','2025-05-09 03:14:24',0,3.00),(459,'政治学',NULL,'2025-05-09 03:14:24','2025-05-09 03:14:24',0,4.00),(460,'政治学',NULL,'2025-05-09 03:14:24','2025-05-09 03:14:24',0,2.00),(461,'政治哲学',NULL,'2025-05-09 03:14:24','2025-05-09 03:14:24',0,2.00),(462,'中国古代哲学智慧',NULL,'2025-05-09 03:14:24','2025-05-09 03:14:24',0,2.00),(463,'中国哲学史',NULL,'2025-05-09 03:14:24','2025-05-09 03:14:24',0,3.00),(464,'专业综合实验 ( 电子政务 )',NULL,'2025-05-09 03:14:24','2025-05-09 03:14:24',0,2.00),(465,'专业综合实验 ( 社会调查方法 )',NULL,'2025-05-09 03:14:24','2025-05-09 03:14:24',0,2.00),(466,'卓越公共管理讲座',NULL,'2025-05-09 03:14:24','2025-05-09 03:14:24',0,2.00),(467,'城市治理之道',NULL,'2025-05-09 03:14:24','2025-05-09 03:14:24',0,2.00),(468,'心理类型与职业生涯规划',NULL,'2025-05-09 03:14:24','2025-05-09 03:14:24',0,2.00),(469,'Corporate Strategy Management',NULL,'2025-05-09 03:14:24','2025-05-09 03:14:24',0,3.00),(470,'Human Resource Management',NULL,'2025-05-09 03:14:24','2025-05-09 03:14:24',0,3.00),(471,'Marketing',NULL,'2025-05-09 03:14:24','2025-05-09 03:14:24',0,3.00),(472,'采购管理学',NULL,'2025-05-09 03:14:24','2025-05-09 03:14:24',0,2.00),(473,'仓储与配送管理',NULL,'2025-05-09 03:14:24','2025-05-09 03:14:24',0,2.00),(474,'产业组织理论',NULL,'2025-05-09 03:14:24','2025-05-09 03:14:24',0,3.00),(475,'产业组织理论',NULL,'2025-05-09 03:14:24','2025-05-09 03:14:24',0,2.00),(476,'创新创业任选',NULL,'2025-05-09 03:14:24','2025-05-09 03:14:24',0,1.00),(477,'创业管理',NULL,'2025-05-09 03:14:24','2025-05-09 03:14:24',0,3.00),(478,'创业基础',NULL,'2025-05-09 03:14:24','2025-05-09 03:14:24',0,1.00),(479,'创业生涯规划',NULL,'2025-05-09 03:14:24','2025-05-09 03:14:24',0,0.50),(480,'创业学',NULL,'2025-05-09 03:14:24','2025-05-09 03:14:24',0,2.00),(481,'大学生职业生涯规划',NULL,'2025-05-09 03:14:24','2025-05-09 03:14:24',0,2.00),(482,'大学生职业生涯规划与创业基础',NULL,'2025-05-09 03:14:24','2025-05-09 03:14:24',0,3.00),(483,'风险管理',NULL,'2025-05-09 03:14:24','2025-05-09 03:14:24',0,2.00),(484,'服务营销',NULL,'2025-05-09 03:14:24','2025-05-09 03:14:24',0,3.00),(485,'工商管理前沿',NULL,'2025-05-09 03:14:24','2025-05-09 03:14:24',0,2.00),(486,'工商管理专业综合实验 ( 企业经营模拟实验 )',NULL,'2025-05-09 03:14:24','2025-05-09 03:14:24',0,2.00),(487,'公共关系学',NULL,'2025-05-09 03:14:24','2025-05-09 03:14:24',0,2.00),(488,'公司战略管理',NULL,'2025-05-09 03:14:24','2025-05-09 03:14:24',0,3.00),(489,'公司治理',NULL,'2025-05-09 03:14:24','2025-05-09 03:14:24',0,2.00),(490,'公司治理',NULL,'2025-05-09 03:14:24','2025-05-09 03:14:24',0,3.00),(491,'公司治理与资本运营案例研究',NULL,'2025-05-09 03:14:24','2025-05-09 03:14:24',0,2.00),(492,'供应链管理',NULL,'2025-05-09 03:14:24','2025-05-09 03:14:24',0,3.00),(493,'供应链管理',NULL,'2025-05-09 03:14:24','2025-05-09 03:14:24',0,2.00),(494,'供应链管理综合实验',NULL,'2025-05-09 03:14:24','2025-05-09 03:14:24',0,2.00),(495,'管理沟通',NULL,'2025-05-09 03:14:24','2025-05-09 03:14:24',0,2.00),(496,'管理决策理论与方法',NULL,'2025-05-09 03:14:24','2025-05-09 03:14:24',0,3.00),(497,'管理审计',NULL,'2025-05-09 03:14:24','2025-05-09 03:14:24',0,3.00),(498,'管理学',NULL,'2025-05-09 03:14:24','2025-05-09 03:14:24',0,3.00),(499,'管理学导论',NULL,'2025-05-09 03:14:24','2025-05-09 03:14:24',0,2.00),(500,'管理学通论',NULL,'2025-05-09 03:14:24','2025-05-09 03:14:24',0,3.00),(501,'广告学',NULL,'2025-05-09 03:14:24','2025-05-09 03:14:24',0,2.00),(502,'国际市场营销（全英文）',NULL,'2025-05-09 03:14:24','2025-05-09 03:14:24',0,2.00),(503,'国际物流学',NULL,'2025-05-09 03:14:24','2025-05-09 03:14:24',0,3.00),(504,'互联网与供应链金融',NULL,'2025-05-09 03:14:24','2025-05-09 03:14:24',0,2.00),(505,'绩效考评与管理',NULL,'2025-05-09 03:14:24','2025-05-09 03:14:24',0,3.00),(506,'经营决策分析',NULL,'2025-05-09 03:14:24','2025-05-09 03:14:24',0,2.00),(507,'决策理论与方法',NULL,'2025-05-09 03:14:24','2025-05-09 03:14:24',0,2.00),(508,'客户关系管理',NULL,'2025-05-09 03:14:24','2025-05-09 03:14:24',0,2.00),(509,'跨国公司管理',NULL,'2025-05-09 03:14:24','2025-05-09 03:14:24',0,2.00),(510,'劳动关系管理',NULL,'2025-05-09 03:14:24','2025-05-09 03:14:24',0,2.00),(511,'理性与感性：日常生活中的预测与决策',NULL,'2025-05-09 03:14:24','2025-05-09 03:14:24',0,2.00),(512,'连锁经营管理',NULL,'2025-05-09 03:14:24','2025-05-09 03:14:24',0,2.00),(513,'品牌管理',NULL,'2025-05-09 03:14:24','2025-05-09 03:14:24',0,2.00),(514,'企业管理研究方法',NULL,'2025-05-09 03:14:24','2025-05-09 03:14:24',0,2.00),(515,'企业管理综合案例分析',NULL,'2025-05-09 03:14:24','2025-05-09 03:14:24',0,2.00),(516,'企业文化',NULL,'2025-05-09 03:14:24','2025-05-09 03:14:24',0,2.00),(517,'人力资源测评',NULL,'2025-05-09 03:14:24','2025-05-09 03:14:24',0,2.00),(518,'人力资源管理',NULL,'2025-05-09 03:14:24','2025-05-09 03:14:24',0,2.00),(519,'人力资源管理',NULL,'2025-05-09 03:14:24','2025-05-09 03:14:24',0,3.00),(520,'人力资源管理专业综合实验',NULL,'2025-05-09 03:14:24','2025-05-09 03:14:24',0,2.00),(521,'商务谈判',NULL,'2025-05-09 03:14:24','2025-05-09 03:14:24',0,2.00),(522,'社会心理学',NULL,'2025-05-09 03:14:24','2025-05-09 03:14:24',0,2.00),(523,'生产运作管理',NULL,'2025-05-09 03:14:24','2025-05-09 03:14:24',0,3.00),(524,'市场调研',NULL,'2025-05-09 03:14:24','2025-05-09 03:14:24',0,3.00),(525,'市场营销',NULL,'2025-05-09 03:14:24','2025-05-09 03:14:24',0,2.00),(526,'市场营销',NULL,'2025-05-09 03:14:24','2025-05-09 03:14:24',0,3.00),(527,'市场营销学',NULL,'2025-05-09 03:14:24','2025-05-09 03:14:24',0,2.00),(528,'市场营销学',NULL,'2025-05-09 03:14:24','2025-05-09 03:14:24',0,3.00),(529,'市场营销专业综合实验',NULL,'2025-05-09 03:14:24','2025-05-09 03:14:24',0,2.00),(530,'市场预测与决策',NULL,'2025-05-09 03:14:24','2025-05-09 03:14:24',0,2.00),(531,'数据包络分析',NULL,'2025-05-09 03:14:24','2025-05-09 03:14:24',0,2.00),(532,'数据分析与处理技术',NULL,'2025-05-09 03:14:24','2025-05-09 03:14:24',0,2.00),(533,'体验式情景游戏实训',NULL,'2025-05-09 03:14:24','2025-05-09 03:14:24',0,0.50),(534,'物流管理',NULL,'2025-05-09 03:14:24','2025-05-09 03:14:24',0,2.00),(535,'物流管理综合实验',NULL,'2025-05-09 03:14:24','2025-05-09 03:14:24',0,2.00),(536,'物流系统规划与设计',NULL,'2025-05-09 03:14:24','2025-05-09 03:14:24',0,3.00),(537,'物流系统建模与仿真',NULL,'2025-05-09 03:14:24','2025-05-09 03:14:24',0,3.00),(538,'物流项目管理',NULL,'2025-05-09 03:14:24','2025-05-09 03:14:24',0,2.00),(539,'物流学导论',NULL,'2025-05-09 03:14:24','2025-05-09 03:14:24',0,3.00),(540,'物流学概论',NULL,'2025-05-09 03:14:24','2025-05-09 03:14:24',0,3.00),(541,'物流与供应链管理',NULL,'2025-05-09 03:14:24','2025-05-09 03:14:24',0,3.00),(542,'消费者行为学',NULL,'2025-05-09 03:14:24','2025-05-09 03:14:24',0,3.00),(543,'消费者行为学',NULL,'2025-05-09 03:14:24','2025-05-09 03:14:24',0,2.00),(544,'新产品开发管理',NULL,'2025-05-09 03:14:24','2025-05-09 03:14:24',0,2.00),(545,'新媒体营销',NULL,'2025-05-09 03:14:24','2025-05-09 03:14:24',0,2.00),(546,'薪酬设计与管理',NULL,'2025-05-09 03:14:24','2025-05-09 03:14:24',0,3.00),(547,'营销策划与案例分析',NULL,'2025-05-09 03:14:24','2025-05-09 03:14:24',0,2.00),(548,'营销文化与美学',NULL,'2025-05-09 03:14:24','2025-05-09 03:14:24',0,2.00),(549,'员工培训',NULL,'2025-05-09 03:14:24','2025-05-09 03:14:24',0,2.00),(550,'运营管理',NULL,'2025-05-09 03:14:24','2025-05-09 03:14:24',0,2.00),(551,'运营管理',NULL,'2025-05-09 03:14:24','2025-05-09 03:14:24',0,3.00),(552,'运营管理与质量管理',NULL,'2025-05-09 03:14:24','2025-05-09 03:14:24',0,2.00),(553,'招聘与甄选',NULL,'2025-05-09 03:14:24','2025-05-09 03:14:24',0,2.00),(554,'职业生涯管理',NULL,'2025-05-09 03:14:24','2025-05-09 03:14:24',0,2.00),(555,'质量管理',NULL,'2025-05-09 03:14:24','2025-05-09 03:14:24',0,2.00),(556,'自我营销与品牌营运管理',NULL,'2025-05-09 03:14:24','2025-05-09 03:14:24',0,2.00),(557,'组织行为学',NULL,'2025-05-09 03:14:24','2025-05-09 03:14:24',0,2.00),(558,'组织行为学',NULL,'2025-05-09 03:14:24','2025-05-09 03:14:24',0,3.00),(559,'组织设计与工作分析',NULL,'2025-05-09 03:14:24','2025-05-09 03:14:24',0,2.00),(560,'CPA 企业法',NULL,'2025-05-09 03:14:24','2025-05-09 03:14:24',0,3.00),(561,'保险法',NULL,'2025-05-09 03:14:24','2025-05-09 03:14:24',0,2.00),(562,'比较法律文化',NULL,'2025-05-09 03:14:24','2025-05-09 03:14:24',0,2.00),(563,'比较监察制度',NULL,'2025-05-09 03:14:24','2025-05-09 03:14:24',0,2.00),(564,'大要案研究',NULL,'2025-05-09 03:14:24','2025-05-09 03:14:24',0,2.00),(565,'当代中国政治制度',NULL,'2025-05-09 03:14:24','2025-05-09 03:14:24',0,3.00),(566,'党内法规',NULL,'2025-05-09 03:14:24','2025-05-09 03:14:24',0,2.00),(567,'法理学',NULL,'2025-05-09 03:14:24','2025-05-09 03:14:24',0,3.00),(568,'法律电影赏析',NULL,'2025-05-09 03:14:24','2025-05-09 03:14:24',0,3.00),(569,'法律经济学',NULL,'2025-05-09 03:14:24','2025-05-09 03:14:24',0,3.00),(570,'法律逻辑学',NULL,'2025-05-09 03:14:24','2025-05-09 03:14:24',0,2.00),(571,'法律实务',NULL,'2025-05-09 03:14:24','2025-05-09 03:14:24',0,2.00),(572,'法律英语',NULL,'2025-05-09 03:14:24','2025-05-09 03:14:24',0,2.00),(573,'法律职业伦理',NULL,'2025-05-09 03:14:24','2025-05-09 03:14:24',0,2.00),(574,'法律职业伦理',NULL,'2025-05-09 03:14:24','2025-05-09 03:14:24',0,3.00),(575,'法务会计',NULL,'2025-05-09 03:14:24','2025-05-09 03:14:24',0,3.00),(576,'法学案例研究',NULL,'2025-05-09 03:14:24','2025-05-09 03:14:24',0,2.00),(577,'法学案例研究',NULL,'2025-05-09 03:14:24','2025-05-09 03:14:24',0,3.00),(578,'法学导论',NULL,'2025-05-09 03:14:24','2025-05-09 03:14:24',0,2.00),(579,'法学方法论',NULL,'2025-05-09 03:14:24','2025-05-09 03:14:24',0,2.00),(580,'法学经典著作选读',NULL,'2025-05-09 03:14:24','2025-05-09 03:14:24',0,2.00),(581,'法学经典著作选读',NULL,'2025-05-09 03:14:24','2025-05-09 03:14:24',0,3.00),(582,'法学跨专业综合实验',NULL,'2025-05-09 03:14:24','2025-05-09 03:14:24',0,2.00),(583,'法学跨专业综合实验Ⅰ',NULL,'2025-05-09 03:14:24','2025-05-09 03:14:24',0,1.00),(584,'法学跨专业综合实验Ⅱ',NULL,'2025-05-09 03:14:24','2025-05-09 03:14:24',0,1.00),(585,'法学论文的写作',NULL,'2025-05-09 03:14:24','2025-05-09 03:14:24',0,3.00),(586,'法学前沿',NULL,'2025-05-09 03:14:24','2025-05-09 03:14:24',0,2.00),(587,'法学通论',NULL,'2025-05-09 03:14:24','2025-05-09 03:14:24',0,3.00),(588,'法学学科专业综合实验',NULL,'2025-05-09 03:14:24','2025-05-09 03:14:24',0,2.00),(589,'犯罪学',NULL,'2025-05-09 03:14:24','2025-05-09 03:14:24',0,2.00),(590,'公务员法',NULL,'2025-05-09 03:14:24','2025-05-09 03:14:24',0,2.00),(591,'国际法',NULL,'2025-05-09 03:14:24','2025-05-09 03:14:24',0,3.00),(592,'国际法',NULL,'2025-05-09 03:14:24','2025-05-09 03:14:24',0,2.00),(593,'国际法专题',NULL,'2025-05-09 03:14:24','2025-05-09 03:14:24',0,2.00),(594,'国际经济法',NULL,'2025-05-09 03:14:24','2025-05-09 03:14:24',0,2.00),(595,'国际经济法',NULL,'2025-05-09 03:14:24','2025-05-09 03:14:24',0,3.00),(596,'国际商法',NULL,'2025-05-09 03:14:24','2025-05-09 03:14:24',0,3.00),(597,'国际商法',NULL,'2025-05-09 03:14:24','2025-05-09 03:14:24',0,2.00),(598,'国际税法',NULL,'2025-05-09 03:14:24','2025-05-09 03:14:24',0,2.00),(599,'国际税法专题研究',NULL,'2025-05-09 03:14:24','2025-05-09 03:14:24',0,3.00),(600,'国际司法协助',NULL,'2025-05-09 03:14:24','2025-05-09 03:14:24',0,2.00),(601,'国际私法',NULL,'2025-05-09 03:14:24','2025-05-09 03:14:24',0,3.00),(602,'国际私法',NULL,'2025-05-09 03:14:24','2025-05-09 03:14:24',0,2.00),(603,'国际私法协助',NULL,'2025-05-09 03:14:24','2025-05-09 03:14:24',0,2.00),(604,'国际投资法',NULL,'2025-05-09 03:14:24','2025-05-09 03:14:24',0,2.00),(605,'国际新闻中的国际法问题',NULL,'2025-05-09 03:14:24','2025-05-09 03:14:24',0,3.00),(606,'海外并购案例解析',NULL,'2025-05-09 03:14:24','2025-05-09 03:14:24',0,3.00),(607,'行政法与行政诉讼法',NULL,'2025-05-09 03:14:24','2025-05-09 03:14:24',0,4.00),(608,'行政法与行政诉讼法',NULL,'2025-05-09 03:14:24','2025-05-09 03:14:24',0,3.00),(609,'合同法',NULL,'2025-05-09 03:14:24','2025-05-09 03:14:24',0,2.00),(610,'合同法',NULL,'2025-05-09 03:14:24','2025-05-09 03:14:24',0,3.00),(611,'环境与资源保护法',NULL,'2025-05-09 03:14:24','2025-05-09 03:14:24',0,2.00),(612,'婚姻家庭继承法',NULL,'2025-05-09 03:14:24','2025-05-09 03:14:24',0,2.00),(613,'婚姻家庭继承法',NULL,'2025-05-09 03:14:24','2025-05-09 03:14:24',0,3.00),(614,'纪检监察案例研究',NULL,'2025-05-09 03:14:24','2025-05-09 03:14:24',0,2.00),(615,'纪检监察法律文书',NULL,'2025-05-09 03:14:24','2025-05-09 03:14:24',0,3.00),(616,'纪检监察实务',NULL,'2025-05-09 03:14:24','2025-05-09 03:14:24',0,3.00),(617,'监察法',NULL,'2025-05-09 03:14:24','2025-05-09 03:14:24',0,3.00),(618,'监察学',NULL,'2025-05-09 03:14:24','2025-05-09 03:14:24',0,3.00),(619,'金融法',NULL,'2025-05-09 03:14:24','2025-05-09 03:14:24',0,2.00),(620,'经济法',NULL,'2025-05-09 03:14:24','2025-05-09 03:14:24',0,2.00),(621,'经济法',NULL,'2025-05-09 03:14:24','2025-05-09 03:14:24',0,3.00),(622,'经济法 (CPA)',NULL,'2025-05-09 03:14:24','2025-05-09 03:14:24',0,2.00),(623,'经济法 (CPA)',NULL,'2025-05-09 03:14:24','2025-05-09 03:14:24',0,3.00),(624,'经济犯罪调查',NULL,'2025-05-09 03:14:24','2025-05-09 03:14:24',0,3.00),(625,'劳动与社会保障法',NULL,'2025-05-09 03:14:24','2025-05-09 03:14:24',0,2.00),(626,'劳动与社会保障法',NULL,'2025-05-09 03:14:24','2025-05-09 03:14:24',0,3.00),(627,'理论法专题',NULL,'2025-05-09 03:14:24','2025-05-09 03:14:24',0,2.00),(628,'伦理学',NULL,'2025-05-09 03:14:24','2025-05-09 03:14:24',0,2.00),(629,'美国宪法',NULL,'2025-05-09 03:14:24','2025-05-09 03:14:24',0,2.00),(630,'民法',NULL,'2025-05-09 03:14:24','2025-05-09 03:14:24',0,3.00),(631,'民法分论',NULL,'2025-05-09 03:14:24','2025-05-09 03:14:24',0,3.00),(632,'民法专题',NULL,'2025-05-09 03:14:24','2025-05-09 03:14:24',0,2.00),(633,'民法总论',NULL,'2025-05-09 03:14:24','2025-05-09 03:14:24',0,3.00),(634,'民事诉讼法',NULL,'2025-05-09 03:14:24','2025-05-09 03:14:24',0,3.00),(635,'票据法',NULL,'2025-05-09 03:14:24','2025-05-09 03:14:24',0,2.00),(636,'期货交易与法律规制',NULL,'2025-05-09 03:14:24','2025-05-09 03:14:24',0,2.00),(637,'商法',NULL,'2025-05-09 03:14:24','2025-05-09 03:14:24',0,3.00),(638,'商法',NULL,'2025-05-09 03:14:24','2025-05-09 03:14:24',0,2.00),(639,'商法经济法专题',NULL,'2025-05-09 03:14:24','2025-05-09 03:14:24',0,2.00),(640,'审计法',NULL,'2025-05-09 03:14:24','2025-05-09 03:14:24',0,2.00),(641,'审计法学',NULL,'2025-05-09 03:14:24','2025-05-09 03:14:24',0,3.00),(642,'审计法学',NULL,'2025-05-09 03:14:24','2025-05-09 03:14:24',0,2.00),(643,'审讯学',NULL,'2025-05-09 03:14:24','2025-05-09 03:14:24',0,2.00),(644,'生活中的逻辑与思维',NULL,'2025-05-09 03:14:24','2025-05-09 03:14:24',0,3.00),(645,'诉讼法专题',NULL,'2025-05-09 03:14:24','2025-05-09 03:14:24',0,2.00),(646,'外国法律史',NULL,'2025-05-09 03:14:24','2025-05-09 03:14:24',0,2.00),(647,'外国刑法',NULL,'2025-05-09 03:14:24','2025-05-09 03:14:24',0,2.00),(648,'宪法',NULL,'2025-05-09 03:14:24','2025-05-09 03:14:24',0,3.00),(649,'宪法学',NULL,'2025-05-09 03:14:24','2025-05-09 03:14:24',0,3.00),(650,'宪法与行政法专题',NULL,'2025-05-09 03:14:24','2025-05-09 03:14:24',0,2.00),(651,'刑法',NULL,'2025-05-09 03:14:24','2025-05-09 03:14:24',0,3.00),(652,'刑法分论',NULL,'2025-05-09 03:14:24','2025-05-09 03:14:24',0,3.00),(653,'刑法专题',NULL,'2025-05-09 03:14:24','2025-05-09 03:14:24',0,2.00),(654,'刑法总论',NULL,'2025-05-09 03:14:24','2025-05-09 03:14:24',0,3.00),(655,'刑事诉讼法',NULL,'2025-05-09 03:14:24','2025-05-09 03:14:24',0,3.00),(656,'银行法',NULL,'2025-05-09 03:14:24','2025-05-09 03:14:24',0,2.00),(657,'英美法导论',NULL,'2025-05-09 03:14:24','2025-05-09 03:14:24',0,2.00),(658,'影视作品中的法律文化',NULL,'2025-05-09 03:14:24','2025-05-09 03:14:24',0,3.00),(659,'证据法',NULL,'2025-05-09 03:14:24','2025-05-09 03:14:24',0,2.00),(660,'证券法',NULL,'2025-05-09 03:14:24','2025-05-09 03:14:24',0,2.00),(661,'知识产权法',NULL,'2025-05-09 03:14:24','2025-05-09 03:14:24',0,2.00),(662,'知识产权法',NULL,'2025-05-09 03:14:24','2025-05-09 03:14:24',0,3.00),(663,'职务犯罪预防',NULL,'2025-05-09 03:14:24','2025-05-09 03:14:24',0,2.00),(664,'中国法律史',NULL,'2025-05-09 03:14:24','2025-05-09 03:14:24',0,3.00),(665,'中国法制故事与文化传统',NULL,'2025-05-09 03:14:24','2025-05-09 03:14:24',0,3.00),(666,'中国法制史',NULL,'2025-05-09 03:14:24','2025-05-09 03:14:24',0,3.00),(667,'中国监察史',NULL,'2025-05-09 03:14:24','2025-05-09 03:14:24',0,2.00),(668,'中国宪法',NULL,'2025-05-09 03:14:24','2025-05-09 03:14:24',0,3.00),(669,'中西法律文化比较',NULL,'2025-05-09 03:14:24','2025-05-09 03:14:24',0,3.00),(670,'.NET 编程',NULL,'2025-05-09 03:14:24','2025-05-09 03:14:24',0,3.00),(671,'Access 数据库基础与应用',NULL,'2025-05-09 03:14:24','2025-05-09 03:14:24',0,3.00),(672,'ERP 沙盘模拟实验',NULL,'2025-05-09 03:14:24','2025-05-09 03:14:24',0,2.00),(673,'IT Auditing(IAEP)',NULL,'2025-05-09 03:14:24','2025-05-09 03:14:24',0,3.00),(674,'IT 审计',NULL,'2025-05-09 03:14:24','2025-05-09 03:14:24',0,3.00),(675,'IT 审计',NULL,'2025-05-09 03:14:24','2025-05-09 03:14:24',0,2.00),(676,'JAVA 程序设计',NULL,'2025-05-09 03:14:24','2025-05-09 03:14:24',0,3.00),(677,'Java 程序设计',NULL,'2025-05-09 03:14:24','2025-05-09 03:14:24',0,2.00),(678,'JAVA 高级编程',NULL,'2025-05-09 03:14:24','2025-05-09 03:14:24',0,2.00),(679,'Linux 系统与编程',NULL,'2025-05-09 03:14:24','2025-05-09 03:14:24',0,2.00),(680,'Oracle 数据库',NULL,'2025-05-09 03:14:24','2025-05-09 03:14:24',0,2.00),(681,'Oracle 数据库',NULL,'2025-05-09 03:14:24','2025-05-09 03:14:24',0,3.00),(682,'Python 数据处理编程',NULL,'2025-05-09 03:14:24','2025-05-09 03:14:24',0,3.00),(683,'Python 数据处理编程',NULL,'2025-05-09 03:14:24','2025-05-09 03:14:24',0,2.00),(684,'R 语言',NULL,'2025-05-09 03:14:24','2025-05-09 03:14:24',0,2.00),(685,'Spark 语言',NULL,'2025-05-09 03:14:24','2025-05-09 03:14:24',0,2.00),(686,'SPSS 软件应用实验',NULL,'2025-05-09 03:14:24','2025-05-09 03:14:24',0,2.00),(687,'SQL Server 数据库基础与应用',NULL,'2025-05-09 03:14:24','2025-05-09 03:14:24',0,3.00),(688,'UML 建模',NULL,'2025-05-09 03:14:24','2025-05-09 03:14:24',0,2.00),(689,'WEB 开发技术',NULL,'2025-05-09 03:14:24','2025-05-09 03:14:24',0,3.00),(690,'安装工程估价',NULL,'2025-05-09 03:14:24','2025-05-09 03:14:24',0,2.00),(691,'编译原理',NULL,'2025-05-09 03:14:24','2025-05-09 03:14:24',0,3.00),(692,'操作系统',NULL,'2025-05-09 03:14:24','2025-05-09 03:14:24',0,3.00),(693,'程序设计',NULL,'2025-05-09 03:14:24','2025-05-09 03:14:24',0,4.00),(694,'程序设计',NULL,'2025-05-09 03:14:24','2025-05-09 03:14:24',0,5.00),(695,'程序设计语言',NULL,'2025-05-09 03:14:24','2025-05-09 03:14:24',0,3.00),(696,'大数据处理技术',NULL,'2025-05-09 03:14:24','2025-05-09 03:14:24',0,3.00),(697,'大数据处理技术',NULL,'2025-05-09 03:14:24','2025-05-09 03:14:24',0,2.00),(698,'大数据存储技术',NULL,'2025-05-09 03:14:24','2025-05-09 03:14:24',0,2.00),(699,'大数据环境下的审计技术方法',NULL,'2025-05-09 03:14:24','2025-05-09 03:14:24',0,3.00),(700,'大数据技术概述',NULL,'2025-05-09 03:14:24','2025-05-09 03:14:24',0,3.00),(701,'大数据审计',NULL,'2025-05-09 03:14:24','2025-05-09 03:14:24',0,2.00),(702,'大数据审计',NULL,'2025-05-09 03:14:24','2025-05-09 03:14:24',0,3.00),(703,'大数据审计综合实验',NULL,'2025-05-09 03:14:24','2025-05-09 03:14:24',0,2.00),(704,'大数据专业综合实验',NULL,'2025-05-09 03:14:24','2025-05-09 03:14:24',0,2.00),(705,'电路与电子技术',NULL,'2025-05-09 03:14:24','2025-05-09 03:14:24',0,3.00),(706,'电子取证技术',NULL,'2025-05-09 03:14:24','2025-05-09 03:14:24',0,2.00),(707,'房地产开发与经营',NULL,'2025-05-09 03:14:24','2025-05-09 03:14:24',0,3.00),(708,'分布式处理与云计算',NULL,'2025-05-09 03:14:24','2025-05-09 03:14:24',0,3.00),(709,'分布式处理与云计算',NULL,'2025-05-09 03:14:24','2025-05-09 03:14:24',0,2.00),(710,'分析设计综合实验',NULL,'2025-05-09 03:14:24','2025-05-09 03:14:24',0,2.00),(711,'工程测量',NULL,'2025-05-09 03:14:24','2025-05-09 03:14:24',0,2.00),(712,'工程估价',NULL,'2025-05-09 03:14:24','2025-05-09 03:14:24',0,3.00),(713,'工程估价综合实验',NULL,'2025-05-09 03:14:24','2025-05-09 03:14:24',0,2.00),(714,'工程合同管理',NULL,'2025-05-09 03:14:24','2025-05-09 03:14:24',0,2.00),(715,'工程计量',NULL,'2025-05-09 03:14:24','2025-05-09 03:14:24',0,2.00),(716,'工程技术实验',NULL,'2025-05-09 03:14:24','2025-05-09 03:14:24',0,2.00),(717,'工程绩效审计',NULL,'2025-05-09 03:14:24','2025-05-09 03:14:24',0,2.00),(718,'工程结构',NULL,'2025-05-09 03:14:24','2025-05-09 03:14:24',0,3.00),(719,'工程经济学',NULL,'2025-05-09 03:14:24','2025-05-09 03:14:24',0,2.00),(720,'工程经济学',NULL,'2025-05-09 03:14:24','2025-05-09 03:14:24',0,3.00),(721,'工程力学',NULL,'2025-05-09 03:14:24','2025-05-09 03:14:24',0,3.00),(722,'工程审计前沿',NULL,'2025-05-09 03:14:24','2025-05-09 03:14:24',0,2.00),(723,'工程审计专业模拟实验',NULL,'2025-05-09 03:14:24','2025-05-09 03:14:24',0,2.00),(724,'工程施工',NULL,'2025-05-09 03:14:24','2025-05-09 03:14:24',0,3.00),(725,'工程项目管理',NULL,'2025-05-09 03:14:24','2025-05-09 03:14:24',0,3.00),(726,'工程项目融资',NULL,'2025-05-09 03:14:24','2025-05-09 03:14:24',0,2.00),(727,'工程项目融资',NULL,'2025-05-09 03:14:24','2025-05-09 03:14:24',0,3.00),(728,'工程造价软件',NULL,'2025-05-09 03:14:24','2025-05-09 03:14:24',0,2.00),(729,'工程造价审计',NULL,'2025-05-09 03:14:24','2025-05-09 03:14:24',0,2.00),(730,'工程质量审计',NULL,'2025-05-09 03:14:24','2025-05-09 03:14:24',0,2.00),(731,'固定资产投资审计',NULL,'2025-05-09 03:14:24','2025-05-09 03:14:24',0,3.00),(732,'固定资产投资审计',NULL,'2025-05-09 03:14:24','2025-05-09 03:14:24',0,2.00),(733,'固定资产投资审计（mocc）',NULL,'2025-05-09 03:14:24','2025-05-09 03:14:24',0,3.00),(734,'管理信息系统',NULL,'2025-05-09 03:14:24','2025-05-09 03:14:24',0,3.00),(735,'管理信息系统',NULL,'2025-05-09 03:14:24','2025-05-09 03:14:24',0,2.00),(736,'合同管理与索赔',NULL,'2025-05-09 03:14:24','2025-05-09 03:14:24',0,2.00),(737,'环境审计',NULL,'2025-05-09 03:14:24','2025-05-09 03:14:24',0,2.00),(738,'机器学习与模式识别',NULL,'2025-05-09 03:14:24','2025-05-09 03:14:24',0,4.00),(739,'计算机导论',NULL,'2025-05-09 03:14:24','2025-05-09 03:14:24',0,2.00),(740,'计算机基础',NULL,'2025-05-09 03:14:24','2025-05-09 03:14:24',0,2.00),(741,'计算机审计',NULL,'2025-05-09 03:14:24','2025-05-09 03:14:24',0,2.00),(742,'计算机审计',NULL,'2025-05-09 03:14:24','2025-05-09 03:14:24',0,3.00),(743,'计算机审计实验',NULL,'2025-05-09 03:14:24','2025-05-09 03:14:24',0,1.00),(744,'计算机网络工程',NULL,'2025-05-09 03:14:24','2025-05-09 03:14:24',0,2.00),(745,'计算机系统基础',NULL,'2025-05-09 03:14:24','2025-05-09 03:14:24',0,4.00),(746,'计算机系统基础',NULL,'2025-05-09 03:14:24','2025-05-09 03:14:24',0,3.00),(747,'计算机学科跨专业综合实验',NULL,'2025-05-09 03:14:24','2025-05-09 03:14:24',0,2.00),(748,'计算机专业综合基础',NULL,'2025-05-09 03:14:24','2025-05-09 03:14:24',0,2.00),(749,'计算机专业综合实验',NULL,'2025-05-09 03:14:24','2025-05-09 03:14:24',0,2.00),(750,'计算机组成原理',NULL,'2025-05-09 03:14:24','2025-05-09 03:14:24',0,4.00),(751,'建设成本规划与控制',NULL,'2025-05-09 03:14:24','2025-05-09 03:14:24',0,2.00),(752,'建设法规',NULL,'2025-05-09 03:14:24','2025-05-09 03:14:24',0,2.00),(753,'建设与审计法规',NULL,'2025-05-09 03:14:24','2025-05-09 03:14:24',0,2.00),(754,'建筑安装工程',NULL,'2025-05-09 03:14:24','2025-05-09 03:14:24',0,2.00),(755,'建筑识图与构造',NULL,'2025-05-09 03:14:24','2025-05-09 03:14:24',0,3.00),(756,'建筑信息技术与方法',NULL,'2025-05-09 03:14:24','2025-05-09 03:14:24',0,2.00),(757,'开发工具综合实验',NULL,'2025-05-09 03:14:24','2025-05-09 03:14:24',0,2.00),(758,'离散结构',NULL,'2025-05-09 03:14:24','2025-05-09 03:14:24',0,4.00),(759,'联网审计',NULL,'2025-05-09 03:14:24','2025-05-09 03:14:24',0,2.00),(760,'路桥及市政工程建造与估价',NULL,'2025-05-09 03:14:24','2025-05-09 03:14:24',0,2.00),(761,'企业资源计划',NULL,'2025-05-09 03:14:24','2025-05-09 03:14:24',0,4.00),(762,'企业资源计划',NULL,'2025-05-09 03:14:24','2025-05-09 03:14:24',0,3.00),(763,'人工智能',NULL,'2025-05-09 03:14:24','2025-05-09 03:14:24',0,2.00),(764,'人机交互的软件工程方法',NULL,'2025-05-09 03:14:24','2025-05-09 03:14:24',0,3.00),(765,'如何创立自己的公司',NULL,'2025-05-09 03:14:24','2025-05-09 03:14:24',0,3.00),(766,'软件测试与质量保证',NULL,'2025-05-09 03:14:24','2025-05-09 03:14:24',0,2.00),(767,'软件工程的形式化方法',NULL,'2025-05-09 03:14:24','2025-05-09 03:14:24',0,2.00),(768,'软件工程概论',NULL,'2025-05-09 03:14:24','2025-05-09 03:14:24',0,3.00),(769,'软件工程实践',NULL,'2025-05-09 03:14:24','2025-05-09 03:14:24',0,2.00),(770,'软件工程与方法',NULL,'2025-05-09 03:14:24','2025-05-09 03:14:24',0,3.00),(771,'软件工程专业综合实验',NULL,'2025-05-09 03:14:24','2025-05-09 03:14:24',0,2.00),(772,'软件体系结构',NULL,'2025-05-09 03:14:24','2025-05-09 03:14:24',0,3.00),(773,'软件项目管理',NULL,'2025-05-09 03:14:24','2025-05-09 03:14:24',0,2.00),(774,'软件需求分析与设计',NULL,'2025-05-09 03:14:24','2025-05-09 03:14:24',0,2.00),(775,'深度学习 : 算法与应用',NULL,'2025-05-09 03:14:24','2025-05-09 03:14:24',0,2.00),(776,'深度学习 : 算法与应用',NULL,'2025-05-09 03:14:24','2025-05-09 03:14:24',0,3.00),(777,'审计大数据采集与处理',NULL,'2025-05-09 03:14:24','2025-05-09 03:14:24',0,2.00),(778,'审计大数据融合技术',NULL,'2025-05-09 03:14:24','2025-05-09 03:14:24',0,2.00),(779,'审计大数据实例分析',NULL,'2025-05-09 03:14:24','2025-05-09 03:14:24',0,2.00),(780,'审计技术与方法',NULL,'2025-05-09 03:14:24','2025-05-09 03:14:24',0,2.00),(781,'数据安全与应用',NULL,'2025-05-09 03:14:24','2025-05-09 03:14:24',0,2.00),(782,'数据采集与审计',NULL,'2025-05-09 03:14:24','2025-05-09 03:14:24',0,2.00),(783,'数据仓库原理',NULL,'2025-05-09 03:14:24','2025-05-09 03:14:24',0,2.00),(784,'数据结构',NULL,'2025-05-09 03:14:24','2025-05-09 03:14:24',0,5.00),(785,'数据科学基础',NULL,'2025-05-09 03:14:24','2025-05-09 03:14:24',0,2.00),(786,'数据库原理',NULL,'2025-05-09 03:14:24','2025-05-09 03:14:24',0,2.00),(787,'数据库原理与应用',NULL,'2025-05-09 03:14:24','2025-05-09 03:14:24',0,4.00),(788,'数据挖掘',NULL,'2025-05-09 03:14:24','2025-05-09 03:14:24',0,3.00),(789,'数据挖掘',NULL,'2025-05-09 03:14:24','2025-05-09 03:14:24',0,4.00),(790,'数据挖掘',NULL,'2025-05-09 03:14:24','2025-05-09 03:14:24',0,2.00),(791,'数据挖掘与商务智能',NULL,'2025-05-09 03:14:24','2025-05-09 03:14:24',0,2.00),(792,'数字逻辑',NULL,'2025-05-09 03:14:24','2025-05-09 03:14:24',0,2.00),(793,'数字逻辑',NULL,'2025-05-09 03:14:24','2025-05-09 03:14:24',0,3.00),(794,'水利工程建造与估价',NULL,'2025-05-09 03:14:24','2025-05-09 03:14:24',0,2.00),(795,'图像处理与视频分析',NULL,'2025-05-09 03:14:24','2025-05-09 03:14:24',0,2.00),(796,'推荐系统及应用',NULL,'2025-05-09 03:14:24','2025-05-09 03:14:24',0,2.00),(797,'微机原理与接口技术',NULL,'2025-05-09 03:14:24','2025-05-09 03:14:24',0,4.00),(798,'文本挖掘',NULL,'2025-05-09 03:14:24','2025-05-09 03:14:24',0,2.00),(799,'信息安全',NULL,'2025-05-09 03:14:24','2025-05-09 03:14:24',0,3.00),(800,'信息安全实验',NULL,'2025-05-09 03:14:24','2025-05-09 03:14:24',0,2.00),(801,'信息化绩效评价与审计',NULL,'2025-05-09 03:14:24','2025-05-09 03:14:24',0,2.00),(802,'信息检索与分析',NULL,'2025-05-09 03:14:24','2025-05-09 03:14:24',0,2.00),(803,'信息经济学与应用',NULL,'2025-05-09 03:14:24','2025-05-09 03:14:24',0,2.00),(804,'信息系统分析与设计',NULL,'2025-05-09 03:14:24','2025-05-09 03:14:24',0,4.00),(805,'信息系统开发工具',NULL,'2025-05-09 03:14:24','2025-05-09 03:14:24',0,3.00),(806,'信息系统内部控制',NULL,'2025-05-09 03:14:24','2025-05-09 03:14:24',0,2.00),(807,'信息系统审计',NULL,'2025-05-09 03:14:24','2025-05-09 03:14:24',0,4.00),(808,'信息系统审计',NULL,'2025-05-09 03:14:24','2025-05-09 03:14:24',0,2.00),(809,'信息系统审计实务与案例 ( 案例 )',NULL,'2025-05-09 03:14:24','2025-05-09 03:14:24',0,2.00),(810,'信息系统项目管理',NULL,'2025-05-09 03:14:24','2025-05-09 03:14:24',0,2.00),(811,'信息与信息系统安全',NULL,'2025-05-09 03:14:24','2025-05-09 03:14:24',0,2.00),(812,'信息资源管理',NULL,'2025-05-09 03:14:24','2025-05-09 03:14:24',0,3.00),(813,'云计算',NULL,'2025-05-09 03:14:24','2025-05-09 03:14:24',0,2.00),(814,'资源与环境审计概论',NULL,'2025-05-09 03:14:24','2025-05-09 03:14:24',0,3.00),(815,'《古今数学思想》导读',NULL,'2025-05-09 03:14:24','2025-05-09 03:14:24',0,1.00),(816,'Matlab 与金融计算',NULL,'2025-05-09 03:14:24','2025-05-09 03:14:24',0,2.00),(817,'保险精算',NULL,'2025-05-09 03:14:24','2025-05-09 03:14:24',0,3.00),(818,'贝叶斯统计',NULL,'2025-05-09 03:14:24','2025-05-09 03:14:24',0,2.00),(819,'常微分方程',NULL,'2025-05-09 03:14:24','2025-05-09 03:14:24',0,3.00),(820,'抽样技术',NULL,'2025-05-09 03:14:24','2025-05-09 03:14:24',0,3.00),(821,'定性数据分析',NULL,'2025-05-09 03:14:24','2025-05-09 03:14:24',0,2.00),(822,'泛函分析',NULL,'2025-05-09 03:14:24','2025-05-09 03:14:24',0,3.00),(823,'非参数统计',NULL,'2025-05-09 03:14:24','2025-05-09 03:14:24',0,2.00),(824,'复变函数',NULL,'2025-05-09 03:14:24','2025-05-09 03:14:24',0,3.00),(825,'概率论',NULL,'2025-05-09 03:14:24','2025-05-09 03:14:24',0,4.00),(826,'概率论与数理统计',NULL,'2025-05-09 03:14:24','2025-05-09 03:14:24',0,4.00),(827,'概率论与数理统计',NULL,'2025-05-09 03:14:24','2025-05-09 03:14:24',0,6.00),(828,'高等代数与解析几何二',NULL,'2025-05-09 03:14:24','2025-05-09 03:14:24',0,5.00),(829,'高等代数与解析几何二',NULL,'2025-05-09 03:14:24','2025-05-09 03:14:24',0,4.00),(830,'高等代数与解析几何一',NULL,'2025-05-09 03:14:24','2025-05-09 03:14:24',0,4.00),(831,'高等数学二',NULL,'2025-05-09 03:14:24','2025-05-09 03:14:24',0,5.00),(832,'高等数学一',NULL,'2025-05-09 03:14:24','2025-05-09 03:14:24',0,5.00),(833,'管理运筹学',NULL,'2025-05-09 03:14:24','2025-05-09 03:14:24',0,3.00),(834,'管理运筹学',NULL,'2025-05-09 03:14:24','2025-05-09 03:14:24',0,2.00),(835,'国民经济核算',NULL,'2025-05-09 03:14:24','2025-05-09 03:14:24',0,3.00),(836,'国民经济核算',NULL,'2025-05-09 03:14:24','2025-05-09 03:14:24',0,2.00),(837,'基于 Python 的数据分析',NULL,'2025-05-09 03:14:24','2025-05-09 03:14:24',0,3.00),(838,'基于 Python 的数据分析',NULL,'2025-05-09 03:14:24','2025-05-09 03:14:24',0,2.00),(839,'近世代数',NULL,'2025-05-09 03:14:24','2025-05-09 03:14:24',0,3.00),(840,'经济社会统计',NULL,'2025-05-09 03:14:24','2025-05-09 03:14:24',0,3.00),(841,'经济统计学专业综合实验',NULL,'2025-05-09 03:14:24','2025-05-09 03:14:24',0,3.00),(842,'实变函数',NULL,'2025-05-09 03:14:24','2025-05-09 03:14:24',0,3.00),(843,'实证金融分析',NULL,'2025-05-09 03:14:24','2025-05-09 03:14:24',0,2.00),(844,'数据采集技术',NULL,'2025-05-09 03:14:24','2025-05-09 03:14:24',0,3.00),(845,'数理金融',NULL,'2025-05-09 03:14:24','2025-05-09 03:14:24',0,3.00),(846,'数理统计',NULL,'2025-05-09 03:14:24','2025-05-09 03:14:24',0,3.00),(847,'数学分析二',NULL,'2025-05-09 03:14:24','2025-05-09 03:14:24',0,5.00),(848,'数学分析三',NULL,'2025-05-09 03:14:24','2025-05-09 03:14:24',0,5.00),(849,'数学分析三',NULL,'2025-05-09 03:14:24','2025-05-09 03:14:24',0,3.00),(850,'数学分析一',NULL,'2025-05-09 03:14:24','2025-05-09 03:14:24',0,6.00),(851,'数学模型与数学实验',NULL,'2025-05-09 03:14:24','2025-05-09 03:14:24',0,3.00),(852,'数学学科跨专业综合实验( 数学模型与数学实验)',NULL,'2025-05-09 03:14:24','2025-05-09 03:14:24',0,3.00),(853,'数值计算',NULL,'2025-05-09 03:14:24','2025-05-09 03:14:24',0,3.00),(854,'统计案例分析',NULL,'2025-05-09 03:14:24','2025-05-09 03:14:24',0,2.00),(855,'统计计算',NULL,'2025-05-09 03:14:24','2025-05-09 03:14:24',0,3.00),(856,'统计软件与数据分析',NULL,'2025-05-09 03:14:24','2025-05-09 03:14:24',0,2.00),(857,'统计学',NULL,'2025-05-09 03:14:24','2025-05-09 03:14:24',0,3.00),(858,'统计学概论',NULL,'2025-05-09 03:14:24','2025-05-09 03:14:24',0,2.00),(859,'统计学专业综合实验',NULL,'2025-05-09 03:14:24','2025-05-09 03:14:24',0,3.00),(860,'统计预测与决策',NULL,'2025-05-09 03:14:24','2025-05-09 03:14:24',0,2.00),(861,'微积分二',NULL,'2025-05-09 03:14:24','2025-05-09 03:14:24',0,4.00),(862,'微积分一',NULL,'2025-05-09 03:14:24','2025-05-09 03:14:24',0,4.00),(863,'线性代数',NULL,'2025-05-09 03:14:24','2025-05-09 03:14:24',0,3.00),(864,'线性代数',NULL,'2025-05-09 03:14:24','2025-05-09 03:14:24',0,4.00),(865,'应用多元统计分析',NULL,'2025-05-09 03:14:24','2025-05-09 03:14:24',0,3.00),(866,'应用多元统计分析',NULL,'2025-05-09 03:14:24','2025-05-09 03:14:24',0,2.00),(867,'应用回归分析',NULL,'2025-05-09 03:14:24','2025-05-09 03:14:24',0,3.00),(868,'应用时间序列分析',NULL,'2025-05-09 03:14:24','2025-05-09 03:14:24',0,3.00),(869,'应用随机过程',NULL,'2025-05-09 03:14:24','2025-05-09 03:14:24',0,3.00),(870,'运筹学',NULL,'2025-05-09 03:14:24','2025-05-09 03:14:24',0,3.00),(871,'“ 三言二拍 ” 导读',NULL,'2025-05-09 03:14:24','2025-05-09 03:14:24',0,2.00),(872,'《红楼梦》精读',NULL,'2025-05-09 03:14:24','2025-05-09 03:14:24',0,2.00),(873,'《世说新语》与中国文化',NULL,'2025-05-09 03:14:24','2025-05-09 03:14:24',0,2.00),(874,'财经应用文写作',NULL,'2025-05-09 03:14:24','2025-05-09 03:14:24',0,1.00),(875,'财经应用文写作',NULL,'2025-05-09 03:14:24','2025-05-09 03:14:24',0,2.00),(876,'大学生 KAB 创业基础教育',NULL,'2025-05-09 03:14:24','2025-05-09 03:14:24',0,1.00),(877,'大学语文',NULL,'2025-05-09 03:14:24','2025-05-09 03:14:24',0,3.00),(878,'大学语文',NULL,'2025-05-09 03:14:24','2025-05-09 03:14:24',0,2.00),(879,'大学语文与写作',NULL,'2025-05-09 03:14:24','2025-05-09 03:14:24',0,3.00),(880,'档案那些事',NULL,'2025-05-09 03:14:24','2025-05-09 03:14:24',0,2.00),(881,'第二语言课堂教学概论',NULL,'2025-05-09 03:14:24','2025-05-09 03:14:24',0,2.00),(882,'第二语言习得概论',NULL,'2025-05-09 03:14:24','2025-05-09 03:14:24',0,2.00),(883,'古代汉语词汇语法专题',NULL,'2025-05-09 03:14:24','2025-05-09 03:14:24',0,2.00),(884,'古代汉语二',NULL,'2025-05-09 03:14:24','2025-05-09 03:14:24',0,3.00),(885,'古代汉语一',NULL,'2025-05-09 03:14:24','2025-05-09 03:14:24',0,3.00),(886,'国学经典导读',NULL,'2025-05-09 03:14:24','2025-05-09 03:14:24',0,2.00),(887,'汉语国际教育概论',NULL,'2025-05-09 03:14:24','2025-05-09 03:14:24',0,3.00),(888,'汉语国际教育专业综合实验',NULL,'2025-05-09 03:14:24','2025-05-09 03:14:24',0,2.00),(889,'汉语言文学跨专业综合实验 ( 文秘综合实训 )',NULL,'2025-05-09 03:14:24','2025-05-09 03:14:24',0,2.00),(890,'红楼梦与吴中文学',NULL,'2025-05-09 03:14:24','2025-05-09 03:14:24',0,2.00),(891,'基础写作',NULL,'2025-05-09 03:14:24','2025-05-09 03:14:24',0,3.00),(892,'教育心理学',NULL,'2025-05-09 03:14:24','2025-05-09 03:14:24',0,3.00),(893,'教育学',NULL,'2025-05-09 03:14:24','2025-05-09 03:14:24',0,3.00),(894,'教育学',NULL,'2025-05-09 03:14:24','2025-05-09 03:14:24',0,2.00),(895,'鲁迅研究',NULL,'2025-05-09 03:14:24','2025-05-09 03:14:24',0,2.00),(896,'逻辑学',NULL,'2025-05-09 03:14:24','2025-05-09 03:14:24',0,3.00),(897,'逻辑学',NULL,'2025-05-09 03:14:24','2025-05-09 03:14:24',0,2.00),(898,'美学',NULL,'2025-05-09 03:14:24','2025-05-09 03:14:24',0,2.00),(899,'秘书实务',NULL,'2025-05-09 03:14:24','2025-05-09 03:14:24',0,2.00),(900,'明清小说鉴赏',NULL,'2025-05-09 03:14:24','2025-05-09 03:14:24',0,2.00),(901,'明清小说研究',NULL,'2025-05-09 03:14:24','2025-05-09 03:14:24',0,2.00),(902,'明清小说艺术鉴赏',NULL,'2025-05-09 03:14:24','2025-05-09 03:14:24',0,2.00),(903,'南京文学与文化',NULL,'2025-05-09 03:14:24','2025-05-09 03:14:24',0,2.00),(904,'莎士比亚戏剧研究',NULL,'2025-05-09 03:14:24','2025-05-09 03:14:24',0,2.00),(905,'申论',NULL,'2025-05-09 03:14:24','2025-05-09 03:14:24',0,2.00),(906,'审计文化',NULL,'2025-05-09 03:14:24','2025-05-09 03:14:24',0,2.00),(907,'史书选读',NULL,'2025-05-09 03:14:24','2025-05-09 03:14:24',0,2.00),(908,'唐诗宋词研究',NULL,'2025-05-09 03:14:24','2025-05-09 03:14:24',0,2.00),(909,'唐宋诗词',NULL,'2025-05-09 03:14:24','2025-05-09 03:14:24',0,3.00),(910,'外国文化概论',NULL,'2025-05-09 03:14:24','2025-05-09 03:14:24',0,2.00),(911,'外国文学',NULL,'2025-05-09 03:14:24','2025-05-09 03:14:24',0,4.00),(912,'文化艺术与人生修养',NULL,'2025-05-09 03:14:24','2025-05-09 03:14:24',0,2.00),(913,'文献学',NULL,'2025-05-09 03:14:24','2025-05-09 03:14:24',0,2.00),(914,'文学概论',NULL,'2025-05-09 03:14:24','2025-05-09 03:14:24',0,3.00),(915,'文学批评方法',NULL,'2025-05-09 03:14:24','2025-05-09 03:14:24',0,2.00),(916,'现代汉语二',NULL,'2025-05-09 03:14:24','2025-05-09 03:14:24',0,3.00),(917,'现代汉语一',NULL,'2025-05-09 03:14:24','2025-05-09 03:14:24',0,3.00),(918,'现代汉语语法专题',NULL,'2025-05-09 03:14:24','2025-05-09 03:14:24',0,2.00),(919,'现代汉语语音学',NULL,'2025-05-09 03:14:24','2025-05-09 03:14:24',0,2.00),(920,'现代语言学流派',NULL,'2025-05-09 03:14:24','2025-05-09 03:14:24',0,2.00),(921,'艺术赏析导论',NULL,'2025-05-09 03:14:24','2025-05-09 03:14:24',0,2.00),(922,'应用写作',NULL,'2025-05-09 03:14:24','2025-05-09 03:14:24',0,2.00),(923,'语言教学法',NULL,'2025-05-09 03:14:24','2025-05-09 03:14:24',0,2.00),(924,'语言学概论',NULL,'2025-05-09 03:14:24','2025-05-09 03:14:24',0,3.00),(925,'阅微草堂笔记鉴赏',NULL,'2025-05-09 03:14:24','2025-05-09 03:14:24',0,2.00),(926,'中国古代文化常识',NULL,'2025-05-09 03:14:24','2025-05-09 03:14:24',0,2.00),(927,'中国古代文论',NULL,'2025-05-09 03:14:24','2025-05-09 03:14:24',0,2.00),(928,'中国古代文学Ⅰ',NULL,'2025-05-09 03:14:24','2025-05-09 03:14:24',0,3.00),(929,'中国古代文学Ⅱ',NULL,'2025-05-09 03:14:24','2025-05-09 03:14:24',0,3.00),(930,'中国古代文学Ⅲ',NULL,'2025-05-09 03:14:24','2025-05-09 03:14:24',0,3.00),(931,'中国古代文学Ⅳ',NULL,'2025-05-09 03:14:24','2025-05-09 03:14:24',0,3.00),(932,'中国古代文学二',NULL,'2025-05-09 03:14:24','2025-05-09 03:14:24',0,3.00),(933,'中国古代文学一',NULL,'2025-05-09 03:14:24','2025-05-09 03:14:24',0,3.00),(934,'中国人文地理',NULL,'2025-05-09 03:14:24','2025-05-09 03:14:24',0,2.00),(935,'中国书法',NULL,'2025-05-09 03:14:24','2025-05-09 03:14:24',0,2.00),(936,'中国文字学',NULL,'2025-05-09 03:14:24','2025-05-09 03:14:24',0,2.00),(937,'中国戏曲美学',NULL,'2025-05-09 03:14:24','2025-05-09 03:14:24',0,2.00),(938,'中国现当代文学',NULL,'2025-05-09 03:14:24','2025-05-09 03:14:24',0,4.00),(939,'中国语言文学学科跨学科专业综合实验 ( 演讲与口才 )',NULL,'2025-05-09 03:14:24','2025-05-09 03:14:24',0,2.00),(940,'中国语言文学学科跨专业综合实验（演讲与口才）',NULL,'2025-05-09 03:14:24','2025-05-09 03:14:24',0,2.00),(941,'中国语言学史',NULL,'2025-05-09 03:14:24','2025-05-09 03:14:24',0,2.00),(942,'第二外语Ⅰ',NULL,'2025-05-09 03:14:24','2025-05-09 03:14:24',0,3.00),(943,'第二外语Ⅱ',NULL,'2025-05-09 03:14:24','2025-05-09 03:14:24',0,3.00),(944,'第二外语Ⅲ',NULL,'2025-05-09 03:14:24','2025-05-09 03:14:24',0,4.00),(945,'第二语言习得',NULL,'2025-05-09 03:14:24','2025-05-09 03:14:24',0,2.00),(946,'高级视听说',NULL,'2025-05-09 03:14:24','2025-05-09 03:14:24',0,2.00),(947,'高级英语Ⅰ',NULL,'2025-05-09 03:14:24','2025-05-09 03:14:24',0,3.00),(948,'高级英语Ⅱ',NULL,'2025-05-09 03:14:24','2025-05-09 03:14:24',0,3.00),(949,'高级英语口语',NULL,'2025-05-09 03:14:24','2025-05-09 03:14:24',0,2.00),(950,'国际商务文化',NULL,'2025-05-09 03:14:24','2025-05-09 03:14:24',0,2.00),(951,'国际营销概论',NULL,'2025-05-09 03:14:24','2025-05-09 03:14:24',0,2.00),(952,'汉英笔译',NULL,'2025-05-09 03:14:24','2025-05-09 03:14:24',0,2.00),(953,'汉英口译',NULL,'2025-05-09 03:14:24','2025-05-09 03:14:24',0,2.00),(954,'和平学与冲突化解',NULL,'2025-05-09 03:14:24','2025-05-09 03:14:24',0,2.00),(955,'会计英语',NULL,'2025-05-09 03:14:24','2025-05-09 03:14:24',0,3.00),(956,'基础英语二',NULL,'2025-05-09 03:14:24','2025-05-09 03:14:24',0,3.00),(957,'基础英语三',NULL,'2025-05-09 03:14:24','2025-05-09 03:14:24',0,3.00),(958,'基础英语四',NULL,'2025-05-09 03:14:24','2025-05-09 03:14:24',0,3.00),(959,'基础英语一',NULL,'2025-05-09 03:14:24','2025-05-09 03:14:24',0,3.00),(960,'交际英语',NULL,'2025-05-09 03:14:24','2025-05-09 03:14:24',0,6.00),(961,'口译技巧',NULL,'2025-05-09 03:14:24','2025-05-09 03:14:24',0,2.00),(962,'跨文化交际',NULL,'2025-05-09 03:14:24','2025-05-09 03:14:24',0,2.00),(963,'跨文化交流',NULL,'2025-05-09 03:14:24','2025-05-09 03:14:24',0,3.00),(964,'跨文化商务交际导论',NULL,'2025-05-09 03:14:24','2025-05-09 03:14:24',0,2.00),(965,'美国社会与文化',NULL,'2025-05-09 03:14:24','2025-05-09 03:14:24',0,2.00),(966,'美国文学',NULL,'2025-05-09 03:14:24','2025-05-09 03:14:24',0,3.00),(967,'日语入门与日本文化',NULL,'2025-05-09 03:14:24','2025-05-09 03:14:24',0,3.00),(968,'商务翻译Ⅰ',NULL,'2025-05-09 03:14:24','2025-05-09 03:14:24',0,2.00),(969,'商务翻译Ⅱ',NULL,'2025-05-09 03:14:24','2025-05-09 03:14:24',0,2.00),(970,'商务沟通和人际交流',NULL,'2025-05-09 03:14:24','2025-05-09 03:14:24',0,2.00),(971,'商务研究方法论',NULL,'2025-05-09 03:14:24','2025-05-09 03:14:24',0,2.00),(972,'商务英语口译Ⅰ',NULL,'2025-05-09 03:14:24','2025-05-09 03:14:24',0,2.00),(973,'商务英语口译Ⅱ',NULL,'2025-05-09 03:14:24','2025-05-09 03:14:24',0,2.00),(974,'商务英语口语',NULL,'2025-05-09 03:14:24','2025-05-09 03:14:24',0,2.00),(975,'商务英语口语Ⅰ',NULL,'2025-05-09 03:14:24','2025-05-09 03:14:24',0,2.00),(976,'商务英语口语Ⅱ',NULL,'2025-05-09 03:14:24','2025-05-09 03:14:24',0,2.00),(977,'商务英语写作',NULL,'2025-05-09 03:14:24','2025-05-09 03:14:24',0,2.00),(978,'审计英语',NULL,'2025-05-09 03:14:24','2025-05-09 03:14:24',0,3.00),(979,'实用德语及德国文化',NULL,'2025-05-09 03:14:24','2025-05-09 03:14:24',0,3.00),(980,'实用电子商务',NULL,'2025-05-09 03:14:24','2025-05-09 03:14:24',0,2.00),(981,'实用法语与法国文化',NULL,'2025-05-09 03:14:24','2025-05-09 03:14:24',0,3.00),(982,'实用日语及日本文化',NULL,'2025-05-09 03:14:24','2025-05-09 03:14:24',0,3.00),(983,'实用英语听力',NULL,'2025-05-09 03:14:24','2025-05-09 03:14:24',0,3.00),(984,'世界通史',NULL,'2025-05-09 03:14:24','2025-05-09 03:14:24',0,3.00),(985,'听说Ⅰ',NULL,'2025-05-09 03:14:24','2025-05-09 03:14:24',0,2.00),(986,'听说Ⅱ',NULL,'2025-05-09 03:14:24','2025-05-09 03:14:24',0,2.00),(987,'拓展英语',NULL,'2025-05-09 03:14:24','2025-05-09 03:14:24',0,6.00),(988,'西方文化概论',NULL,'2025-05-09 03:14:24','2025-05-09 03:14:24',0,3.00),(989,'西方文明史',NULL,'2025-05-09 03:14:24','2025-05-09 03:14:24',0,2.00),(990,'学术写作与研究方法',NULL,'2025-05-09 03:14:24','2025-05-09 03:14:24',0,2.00),(991,'学术英语',NULL,'2025-05-09 03:14:24','2025-05-09 03:14:24',0,6.00),(992,'雅思读写',NULL,'2025-05-09 03:14:24','2025-05-09 03:14:24',0,3.00),(993,'雅思口语',NULL,'2025-05-09 03:14:24','2025-05-09 03:14:24',0,2.00),(994,'雅思听力',NULL,'2025-05-09 03:14:24','2025-05-09 03:14:24',0,3.00),(995,'雅思听说',NULL,'2025-05-09 03:14:24','2025-05-09 03:14:24',0,3.00),(996,'雅思写作',NULL,'2025-05-09 03:14:24','2025-05-09 03:14:24',0,2.00),(997,'雅思阅读',NULL,'2025-05-09 03:14:24','2025-05-09 03:14:24',0,2.00),(998,'研究性学习',NULL,'2025-05-09 03:14:24','2025-05-09 03:14:24',0,6.00),(999,'英国社会与文化',NULL,'2025-05-09 03:14:24','2025-05-09 03:14:24',0,2.00),(1000,'英国诗歌',NULL,'2025-05-09 03:14:24','2025-05-09 03:14:24',0,3.00),(1001,'英国文学',NULL,'2025-05-09 03:14:24','2025-05-09 03:14:24',0,3.00),(1002,'英汉笔译',NULL,'2025-05-09 03:14:24','2025-05-09 03:14:24',0,2.00),(1003,'英汉口译',NULL,'2025-05-09 03:14:24','2025-05-09 03:14:24',0,2.00),(1004,'英美报刊选读',NULL,'2025-05-09 03:14:24','2025-05-09 03:14:24',0,2.00),(1005,'英美诗歌欣赏',NULL,'2025-05-09 03:14:24','2025-05-09 03:14:24',0,2.00),(1006,'英美文学史Ⅰ',NULL,'2025-05-09 03:14:24','2025-05-09 03:14:24',0,2.00),(1007,'英美文学史Ⅱ',NULL,'2025-05-09 03:14:24','2025-05-09 03:14:24',0,2.00),(1008,'英文短篇小说',NULL,'2025-05-09 03:14:24','2025-05-09 03:14:24',0,2.00),(1009,'英语词汇学',NULL,'2025-05-09 03:14:24','2025-05-09 03:14:24',0,2.00),(1010,'英语国家概况',NULL,'2025-05-09 03:14:24','2025-05-09 03:14:24',0,3.00),(1011,'英语国家概况',NULL,'2025-05-09 03:14:24','2025-05-09 03:14:24',0,2.00),(1012,'英语国家社会与文化',NULL,'2025-05-09 03:14:24','2025-05-09 03:14:24',0,2.00),(1013,'英语精读',NULL,'2025-05-09 03:14:24','2025-05-09 03:14:24',0,3.00),(1014,'英语精读Ⅰ',NULL,'2025-05-09 03:14:24','2025-05-09 03:14:24',0,4.00),(1015,'英语精读Ⅱ',NULL,'2025-05-09 03:14:24','2025-05-09 03:14:24',0,4.00),(1016,'英语口语',NULL,'2025-05-09 03:14:24','2025-05-09 03:14:24',0,3.00),(1017,'英语口语Ⅰ',NULL,'2025-05-09 03:14:24','2025-05-09 03:14:24',0,4.00),(1018,'英语口语Ⅰ',NULL,'2025-05-09 03:14:24','2025-05-09 03:14:24',0,2.00),(1019,'英语口语Ⅱ',NULL,'2025-05-09 03:14:24','2025-05-09 03:14:24',0,2.00),(1020,'英语口语Ⅲ',NULL,'2025-05-09 03:14:24','2025-05-09 03:14:24',0,2.00),(1021,'英语口语Ⅳ',NULL,'2025-05-09 03:14:24','2025-05-09 03:14:24',0,2.00),(1022,'英语类课程',NULL,'2025-05-09 03:14:24','2025-05-09 03:14:24',0,9.00),(1023,'英语类课程',NULL,'2025-05-09 03:14:24','2025-05-09 03:14:24',0,6.00),(1024,'英语诗歌选读',NULL,'2025-05-09 03:14:24','2025-05-09 03:14:24',0,2.00),(1025,'英语视听精粹',NULL,'2025-05-09 03:14:24','2025-05-09 03:14:24',0,2.00),(1026,'英语视听说Ⅰ',NULL,'2025-05-09 03:14:24','2025-05-09 03:14:24',0,2.00),(1027,'英语视听说Ⅱ',NULL,'2025-05-09 03:14:24','2025-05-09 03:14:24',0,2.00),(1028,'英语视听说Ⅲ',NULL,'2025-05-09 03:14:24','2025-05-09 03:14:24',0,2.00),(1029,'英语视听说Ⅳ',NULL,'2025-05-09 03:14:24','2025-05-09 03:14:24',0,2.00),(1030,'英语听力',NULL,'2025-05-09 03:14:24','2025-05-09 03:14:24',0,3.00),(1031,'英语文学导论',NULL,'2025-05-09 03:14:24','2025-05-09 03:14:24',0,2.00),(1032,'英语文学选读',NULL,'2025-05-09 03:14:24','2025-05-09 03:14:24',0,2.00),(1033,'英语戏剧选读',NULL,'2025-05-09 03:14:24','2025-05-09 03:14:24',0,2.00),(1034,'英语写作',NULL,'2025-05-09 03:14:24','2025-05-09 03:14:24',0,2.00),(1035,'英语写作Ⅰ',NULL,'2025-05-09 03:14:24','2025-05-09 03:14:24',0,4.00),(1036,'英语写作Ⅰ',NULL,'2025-05-09 03:14:24','2025-05-09 03:14:24',0,2.00),(1037,'英语写作Ⅱ',NULL,'2025-05-09 03:14:24','2025-05-09 03:14:24',0,4.00),(1038,'英语写作Ⅱ',NULL,'2025-05-09 03:14:24','2025-05-09 03:14:24',0,2.00),(1039,'英语写作Ⅲ',NULL,'2025-05-09 03:14:24','2025-05-09 03:14:24',0,2.00),(1040,'英语演讲与辩论',NULL,'2025-05-09 03:14:24','2025-05-09 03:14:24',0,2.00),(1041,'英语语法',NULL,'2025-05-09 03:14:24','2025-05-09 03:14:24',0,2.00),(1042,'英语语音',NULL,'2025-05-09 03:14:24','2025-05-09 03:14:24',0,2.00),(1043,'英语阅读Ⅰ',NULL,'2025-05-09 03:14:24','2025-05-09 03:14:24',0,2.00),(1044,'英语阅读Ⅱ',NULL,'2025-05-09 03:14:24','2025-05-09 03:14:24',0,2.00),(1045,'英语阅读Ⅲ',NULL,'2025-05-09 03:14:24','2025-05-09 03:14:24',0,2.00),(1046,'应用语言学',NULL,'2025-05-09 03:14:24','2025-05-09 03:14:24',0,2.00),(1047,'语言导论',NULL,'2025-05-09 03:14:24','2025-05-09 03:14:24',0,3.00),(1048,'语言学导论',NULL,'2025-05-09 03:14:24','2025-05-09 03:14:24',0,2.00),(1049,'语言与文化',NULL,'2025-05-09 03:14:24','2025-05-09 03:14:24',0,2.00),(1050,'阅读Ⅰ',NULL,'2025-05-09 03:14:24','2025-05-09 03:14:24',0,2.00),(1051,'阅读Ⅱ',NULL,'2025-05-09 03:14:24','2025-05-09 03:14:24',0,2.00),(1052,'职场英语',NULL,'2025-05-09 03:14:24','2025-05-09 03:14:24',0,2.00),(1053,'中国文化概览',NULL,'2025-05-09 03:14:24','2025-05-09 03:14:24',0,2.00),(1054,'综合商务英语Ⅰ',NULL,'2025-05-09 03:14:24','2025-05-09 03:14:24',0,3.00),(1055,'综合商务英语Ⅱ',NULL,'2025-05-09 03:14:24','2025-05-09 03:14:24',0,3.00),(1056,'综合英语',NULL,'2025-05-09 03:14:24','2025-05-09 03:14:24',0,3.00),(1057,'综合英语Ⅰ',NULL,'2025-05-09 03:14:24','2025-05-09 03:14:24',0,4.00),(1058,'综合英语Ⅱ',NULL,'2025-05-09 03:14:24','2025-05-09 03:14:24',0,4.00),(1059,'综合英语Ⅲ',NULL,'2025-05-09 03:14:24','2025-05-09 03:14:24',0,3.00),(1060,'综合英语Ⅳ',NULL,'2025-05-09 03:14:24','2025-05-09 03:14:24',0,3.00),(1061,'大学英语一',NULL,'2025-05-09 03:14:24','2025-05-09 03:14:24',0,3.00),(1062,'大学英语二',NULL,'2025-05-09 03:14:24','2025-05-09 03:14:24',0,3.00),(1063,'大学英语三',NULL,'2025-05-09 03:14:24','2025-05-09 03:14:24',0,3.00),(1064,'学术英语',NULL,'2025-05-09 03:14:24','2025-05-09 03:14:24',0,3.00),(1065,'ESP 管理英语',NULL,'2025-05-09 03:14:24','2025-05-09 03:14:24',0,3.00),(1066,'英语电影赏析',NULL,'2025-05-09 03:14:24','2025-05-09 03:14:24',0,3.00),(1067,'英语演讲与辩论',NULL,'2025-05-09 03:14:24','2025-05-09 03:14:24',0,3.00),(1068,'中级口译',NULL,'2025-05-09 03:14:24','2025-05-09 03:14:24',0,3.00),(1069,'商务英语',NULL,'2025-05-09 03:14:24','2025-05-09 03:14:24',0,3.00),(1070,'法律英语',NULL,'2025-05-09 03:14:24','2025-05-09 03:14:24',0,3.00),(1071,'金融英语',NULL,'2025-05-09 03:14:24','2025-05-09 03:14:24',0,3.00),(1072,'跨文化交际',NULL,'2025-05-09 03:14:24','2025-05-09 03:14:24',0,3.00),(1073,'英语报刊选读',NULL,'2025-05-09 03:14:24','2025-05-09 03:14:24',0,3.00),(1074,'翻译（英译汉）',NULL,'2025-05-09 03:14:24','2025-05-09 03:14:24',0,3.00),(1075,'职场英语',NULL,'2025-05-09 03:14:24','2025-05-09 03:14:24',0,3.00),(1076,'党史党建',NULL,'2025-05-09 03:14:24','2025-05-09 03:14:24',0,3.00),(1077,'马克思主义基本原理',NULL,'2025-05-09 03:14:24','2025-05-09 03:14:24',0,3.00),(1078,'毛泽东思想和中国特色社会主义理论体系概论',NULL,'2025-05-09 03:14:24','2025-05-09 03:14:24',0,5.00),(1079,'民国史话',NULL,'2025-05-09 03:14:24','2025-05-09 03:14:24',0,2.00),(1080,'思想道德修养',NULL,'2025-05-09 03:14:24','2025-05-09 03:14:24',0,1.00),(1081,'思想道德修养与法律基础',NULL,'2025-05-09 03:14:24','2025-05-09 03:14:24',0,3.00),(1082,'形势与政策',NULL,'2025-05-09 03:14:24','2025-05-09 03:14:24',0,2.00),(1083,'形势与政策',NULL,'2025-05-09 03:14:24','2025-05-09 03:14:24',0,1.00),(1084,'中国近现代史纲要',NULL,'2025-05-09 03:14:24','2025-05-09 03:14:24',0,3.00),(1085,'中国哲学简史',NULL,'2025-05-09 03:14:24','2025-05-09 03:14:24',0,3.00),(1086,'中苏（俄）关系',NULL,'2025-05-09 03:14:24','2025-05-09 03:14:24',0,1.00),(1087,'体育（详见附件 4）',NULL,'2025-05-09 03:14:24','2025-05-09 03:14:24',0,4.00),(1088,'PS 人像与海报设计',NULL,'2025-05-09 03:14:24','2025-05-09 03:14:24',0,1.00),(1089,'芭蕾基础形体训练',NULL,'2025-05-09 03:14:24','2025-05-09 03:14:24',0,1.00),(1090,'艺术类课程（详见附件 5）',NULL,'2025-05-09 03:14:24','2025-05-09 03:14:24',0,2.00),(1091,'影视鉴赏',NULL,'2025-05-09 03:14:24','2025-05-09 03:14:24',0,1.00),(1092,'博弈论 ( 英 )',NULL,'2025-05-09 03:14:24','2025-05-09 03:14:24',0,3.00),(1093,'财务管理 ( 英 )',NULL,'2025-05-09 03:14:24','2025-05-09 03:14:24',0,3.00),(1094,'产业组织理论 ( 英 )',NULL,'2025-05-09 03:14:24','2025-05-09 03:14:24',0,3.00),(1095,'城市经济学 ( 英 )',NULL,'2025-05-09 03:14:24','2025-05-09 03:14:24',0,3.00),(1096,'发展经济学（英）',NULL,'2025-05-09 03:14:24','2025-05-09 03:14:24',0,3.00),(1097,'房地产金融 ( 英 )',NULL,'2025-05-09 03:14:24','2025-05-09 03:14:24',0,3.00),(1098,'高级宏观经济学 ( 英 )',NULL,'2025-05-09 03:14:24','2025-05-09 03:14:24',0,3.00),(1099,'高级计量经济学 ( 英 )',NULL,'2025-05-09 03:14:24','2025-05-09 03:14:24',0,3.00),(1100,'高级微观经济学 ( 英 )',NULL,'2025-05-09 03:14:24','2025-05-09 03:14:24',0,3.00),(1101,'公共经济学（英）',NULL,'2025-05-09 03:14:24','2025-05-09 03:14:24',0,3.00),(1102,'公司金融 ( 英 )',NULL,'2025-05-09 03:14:24','2025-05-09 03:14:24',0,3.00),(1103,'国际经济学 ( 英 )',NULL,'2025-05-09 03:14:24','2025-05-09 03:14:24',0,3.00),(1104,'行为金融学 ( 英 )',NULL,'2025-05-09 03:14:24','2025-05-09 03:14:24',0,3.00),(1105,'宏观经济学 ( 英 )',NULL,'2025-05-09 03:14:24','2025-05-09 03:14:24',0,3.00),(1106,'环境经济学 ( 英 )',NULL,'2025-05-09 03:14:24','2025-05-09 03:14:24',0,3.00),(1107,'会计学 ( 英 )',NULL,'2025-05-09 03:14:24','2025-05-09 03:14:24',0,3.00),(1108,'计量经济学 ( 英 )',NULL,'2025-05-09 03:14:24','2025-05-09 03:14:24',0,3.00),(1109,'计算金融 ( 英 )',NULL,'2025-05-09 03:14:24','2025-05-09 03:14:24',0,3.00),(1110,'健康经济学 ( 英 )',NULL,'2025-05-09 03:14:24','2025-05-09 03:14:24',0,3.00),(1111,'金融机构风险管理 ( 英 )',NULL,'2025-05-09 03:14:24','2025-05-09 03:14:24',0,3.00),(1112,'金融计量学 ( 英 )',NULL,'2025-05-09 03:14:24','2025-05-09 03:14:24',0,3.00),(1113,'金融经济学 ( 英 )',NULL,'2025-05-09 03:14:24','2025-05-09 03:14:24',0,3.00),(1114,'金融学（英）',NULL,'2025-05-09 03:14:24','2025-05-09 03:14:24',0,3.00),(1115,'能源经济学 ( 英 )',NULL,'2025-05-09 03:14:24','2025-05-09 03:14:24',0,3.00),(1116,'暑期社会实践',NULL,'2025-05-09 03:14:24','2025-05-09 03:14:24',0,2.00),(1117,'投资学 ( 英 )',NULL,'2025-05-09 03:14:24','2025-05-09 03:14:24',0,3.00),(1118,'微观计量（英）',NULL,'2025-05-09 03:14:24','2025-05-09 03:14:24',0,3.00),(1119,'微观结构 ( 英 )',NULL,'2025-05-09 03:14:24','2025-05-09 03:14:24',0,3.00),(1120,'微观经济学 ( 英 )',NULL,'2025-05-09 03:14:24','2025-05-09 03:14:24',0,3.00),(1121,'衍生工具定价 ( 英 )',NULL,'2025-05-09 03:14:24','2025-05-09 03:14:24',0,3.00),(1122,'中级宏观经济学 ( 英 )',NULL,'2025-05-09 03:14:24','2025-05-09 03:14:24',0,3.00),(1123,'中级微观经济学 ( 英 )',NULL,'2025-05-09 03:14:24','2025-05-09 03:14:24',0,3.00),(1124,'财务报表分析',NULL,'2025-05-09 03:14:24','2025-05-09 03:14:24',0,3.00),(1125,'财务管理 (CPA)',NULL,'2025-05-09 03:14:24','2025-05-09 03:14:24',0,4.00),(1126,'成本与管理会计 (CPA)',NULL,'2025-05-09 03:14:24','2025-05-09 03:14:24',0,3.00),(1127,'电子数据审计',NULL,'2025-05-09 03:14:24','2025-05-09 03:14:24',0,2.00),(1128,'高级财务会计 (CPA)',NULL,'2025-05-09 03:14:24','2025-05-09 03:14:24',0,3.00),(1129,'个人与家庭财富管理',NULL,'2025-05-09 03:14:24','2025-05-09 03:14:24',0,3.00),(1130,'公司战略与风险管理 (CPA)',NULL,'2025-05-09 03:14:24','2025-05-09 03:14:24',0,3.00),(1131,'公司治理与股权设计',NULL,'2025-05-09 03:14:24','2025-05-09 03:14:24',0,2.00),(1132,'管理思想史',NULL,'2025-05-09 03:14:24','2025-05-09 03:14:24',0,2.00),(1133,'管理咨询',NULL,'2025-05-09 03:14:24','2025-05-09 03:14:24',0,2.00),(1134,'会计模拟实验 ( 手工电子模拟 )',NULL,'2025-05-09 03:14:24','2025-05-09 03:14:24',0,1.00),(1135,'会计学基础 ( 瑞华 )',NULL,'2025-05-09 03:14:24','2025-05-09 03:14:24',0,3.00),(1136,'价值观审计 — 国家治理下的国家审计研究',NULL,'2025-05-09 03:14:24','2025-05-09 03:14:24',0,2.00),(1137,'经典著作导读与领导力实训',NULL,'2025-05-09 03:14:24','2025-05-09 03:14:24',0,6.00),(1138,'量子纠缠与生命的奥秘',NULL,'2025-05-09 03:14:24','2025-05-09 03:14:24',0,2.00),(1139,'内部控制学',NULL,'2025-05-09 03:14:24','2025-05-09 03:14:24',0,3.00),(1140,'人力资源管理与审计',NULL,'2025-05-09 03:14:24','2025-05-09 03:14:24',0,2.00),(1141,'审计模拟实验 ( 实验室内训 )',NULL,'2025-05-09 03:14:24','2025-05-09 03:14:24',0,1.00),(1142,'审计实务专题 ( 瑞华 )',NULL,'2025-05-09 03:14:24','2025-05-09 03:14:24',0,2.00),(1143,'审计学 (CPA)',NULL,'2025-05-09 03:14:24','2025-05-09 03:14:24',0,4.00),(1144,'审计综合实训 ( 瑞华 )',NULL,'2025-05-09 03:14:24','2025-05-09 03:14:24',0,3.00),(1145,'文明的冲突与大国的崛起',NULL,'2025-05-09 03:14:24','2025-05-09 03:14:24',0,2.00),(1146,'阳明心学与国家治理',NULL,'2025-05-09 03:14:24','2025-05-09 03:14:24',0,2.00),(1147,'中级财务会计 (CPA)',NULL,'2025-05-09 03:14:24','2025-05-09 03:14:24',0,4.00),(1148,'Excel 审计会计实务',NULL,'2025-05-09 03:14:24','2025-05-09 03:14:24',0,2.00),(1149,'Excel 在营销管理中的典型应用',NULL,'2025-05-09 03:14:24','2025-05-09 03:14:24',0,2.00),(1150,'SAP 企业资源计划系统实战',NULL,'2025-05-09 03:14:24','2025-05-09 03:14:24',0,2.00),(1151,'SAP 专题',NULL,'2025-05-09 03:14:24','2025-05-09 03:14:24',0,2.00),(1152,'管理学科跨专业综合实验',NULL,'2025-05-09 03:14:24','2025-05-09 03:14:24',0,2.00),(1153,'管理学科跨专业综合实验',NULL,'2025-05-09 03:14:24','2025-05-09 03:14:24',0,1.00),(1154,'经济学科跨专业综合实验',NULL,'2025-05-09 03:14:24','2025-05-09 03:14:24',0,2.00),(1155,'利用 Python 进行数据分析',NULL,'2025-05-09 03:14:24','2025-05-09 03:14:24',0,2.00),(1156,'企业经营决策模拟实验',NULL,'2025-05-09 03:14:24','2025-05-09 03:14:24',0,2.00),(1157,'义工',NULL,'2025-05-09 03:14:24','2025-05-09 03:14:24',0,0.50),(1158,'军事理论与训练',NULL,'2025-05-09 03:14:24','2025-05-09 03:14:24',0,2.00),(1159,'大学生心理健康教育',NULL,'2025-05-09 03:14:24','2025-05-09 03:14:24',0,2.00),(1160,'就业讲座',NULL,'2025-05-09 03:14:24','2025-05-09 03:14:24',0,0.50),(1161,'就业指导',NULL,'2025-05-09 03:14:24','2025-05-09 03:14:24',0,0.50),(1162,'就业指导竞赛',NULL,'2025-05-09 03:14:24','2025-05-09 03:14:24',0,0.50),(1163,'大学生青春期生理健康及传染病预防学',NULL,'2025-05-09 03:14:24','2025-05-09 03:14:24',0,2.00),(1164,'劳动课',NULL,'2025-05-09 03:14:24','2025-05-09 03:14:24',0,0.50),(1165,'超级 IP 簇自我营造',NULL,'2025-05-09 03:14:24','2025-05-09 03:14:24',0,0.50),(1166,'创业团队建设与运作',NULL,'2025-05-09 03:14:24','2025-05-09 03:14:24',0,0.50),(1167,'大学生创新创业模拟',NULL,'2025-05-09 03:14:24','2025-05-09 03:14:24',0,0.50),(1168,'互联网营销创新',NULL,'2025-05-09 03:14:24','2025-05-09 03:14:24',0,0.50),(1169,'企业家精神与创新管理',NULL,'2025-05-09 03:14:24','2025-05-09 03:14:24',0,0.50),(1170,'商业计划',NULL,'2025-05-09 03:14:24','2025-05-09 03:14:24',0,0.50),(1171,'智能制造与创业管理',NULL,'2025-05-09 03:14:24','2025-05-09 03:14:24',0,0.50),(1172,'创新思维训练',NULL,'2025-05-09 03:14:24','2025-05-09 03:14:24',0,1.00),(1173,'大学生 KAB 创业基础',NULL,'2025-05-09 03:14:24','2025-05-09 03:14:24',0,1.00),(1174,'新产品的创意开发',NULL,'2025-05-09 03:14:24','2025-05-09 03:14:24',0,1.00),(1175,'创业机会识别',NULL,'2025-05-09 03:14:24','2025-05-09 03:14:24',0,0.50),(1176,'互联网金融与创业新模式',NULL,'2025-05-09 03:14:24','2025-05-09 03:14:24',0,0.50),(1177,'审计思维创新实践',NULL,'2025-05-09 03:14:24','2025-05-09 03:14:24',0,0.50),(1178,'体验式情景游戏实训',NULL,'2025-05-09 03:14:24','2025-05-09 03:14:24',0,0.50),(1179,'新创小微企业管控理论与实务',NULL,'2025-05-09 03:14:24','2025-05-09 03:14:24',0,0.50),(1180,'创业风险管理',NULL,'2025-05-09 03:14:24','2025-05-09 03:14:24',0,1.00),(1181,'创业过程风险情境',NULL,'2025-05-09 03:14:24','2025-05-09 03:14:24',0,1.00),(1182,'创业融资管理',NULL,'2025-05-09 03:14:24','2025-05-09 03:14:24',0,1.00),(1183,'网络平台创新实践',NULL,'2025-05-09 03:14:24','2025-05-09 03:14:24',0,1.00),(1184,'大学英语一',NULL,'2025-05-09 03:14:24','2025-05-09 03:14:24',0,3.00),(1185,'大学英语二',NULL,'2025-05-09 03:14:24','2025-05-09 03:14:24',0,3.00),(1186,'大学英语三',NULL,'2025-05-09 03:14:24','2025-05-09 03:14:24',0,3.00),(1187,'大学英语三',NULL,'2025-05-09 03:14:24','2025-05-09 03:14:24',0,3.00),(1188,'语言能力拓展&#10;课程系列',NULL,'2025-05-09 03:14:24','2025-05-09 03:14:24',0,3.00),(1189,'散打',NULL,'2025-05-09 03:14:24','2025-05-09 03:14:24',0,1.00),(1190,'排舞',NULL,'2025-05-09 03:14:24','2025-05-09 03:14:24',0,1.00),(1191,'田径',NULL,'2025-05-09 03:14:24','2025-05-09 03:14:24',0,1.00),(1192,'搏击操',NULL,'2025-05-09 03:14:24','2025-05-09 03:14:24',0,1.00),(1193,'定向越野',NULL,'2025-05-09 03:14:24','2025-05-09 03:14:24',0,1.00),(1194,'橄榄球',NULL,'2025-05-09 03:14:24','2025-05-09 03:14:24',0,1.00),(1195,'健美操',NULL,'2025-05-09 03:14:24','2025-05-09 03:14:24',0,1.00),(1196,'篮球',NULL,'2025-05-09 03:14:24','2025-05-09 03:14:24',0,1.00),(1197,'慢投垒球',NULL,'2025-05-09 03:14:24','2025-05-09 03:14:24',0,1.00),(1198,'排球',NULL,'2025-05-09 03:14:24','2025-05-09 03:14:24',0,1.00),(1199,'乒乓球',NULL,'2025-05-09 03:14:24','2025-05-09 03:14:24',0,1.00),(1200,'软排',NULL,'2025-05-09 03:14:24','2025-05-09 03:14:24',0,1.00),(1201,'社交舞蹈',NULL,'2025-05-09 03:14:24','2025-05-09 03:14:24',0,1.00),(1202,'网球',NULL,'2025-05-09 03:14:24','2025-05-09 03:14:24',0,1.00),(1203,'武术',NULL,'2025-05-09 03:14:24','2025-05-09 03:14:24',0,1.00),(1204,'现代舞',NULL,'2025-05-09 03:14:24','2025-05-09 03:14:24',0,1.00),(1205,'有氧拉丁',NULL,'2025-05-09 03:14:24','2025-05-09 03:14:24',0,1.00),(1206,'瑜伽',NULL,'2025-05-09 03:14:24','2025-05-09 03:14:24',0,1.00),(1207,'羽毛球',NULL,'2025-05-09 03:14:24','2025-05-09 03:14:24',0,1.00),(1208,'足球',NULL,'2025-05-09 03:14:24','2025-05-09 03:14:24',0,1.00),(1209,'跆拳道',NULL,'2025-05-09 03:14:24','2025-05-09 03:14:24',0,1.00),(1210,'轮滑',NULL,'2025-05-09 03:14:24','2025-05-09 03:14:24',0,1.00),(1211,'有氧啦啦操',NULL,'2025-05-09 03:14:24','2025-05-09 03:14:24',0,1.00),(1212,'健美',NULL,'2025-05-09 03:14:24','2025-05-09 03:14:24',0,1.00),(1213,'体育一',NULL,'2025-05-09 03:14:24','2025-05-09 03:14:24',0,1.00),(1214,'太极拳',NULL,'2025-05-09 03:14:24','2025-05-09 03:14:24',0,1.00),(1215,'康复保健',NULL,'2025-05-09 03:14:24','2025-05-09 03:14:24',0,1.00),(1216,'美术鉴赏',NULL,'2025-05-09 03:14:24','2025-05-09 03:14:24',0,1.00),(1217,'书法鉴赏',NULL,'2025-05-09 03:14:24','2025-05-09 03:14:24',0,1.00),(1218,'舞蹈鉴赏',NULL,'2025-05-09 03:14:24','2025-05-09 03:14:24',0,1.00),(1219,'音乐鉴赏',NULL,'2025-05-09 03:14:24','2025-05-09 03:14:24',0,1.00),(1220,'影视鉴赏',NULL,'2025-05-09 03:14:24','2025-05-09 03:14:24',0,1.00),(1221,'Common Sense',NULL,'2025-05-09 03:14:24','2025-05-09 03:14:24',0,1.00),(1222,'Dubliners（都柏林人）',NULL,'2025-05-09 03:14:24','2025-05-09 03:14:24',0,1.00),(1223,'Jane Eyre',NULL,'2025-05-09 03:14:24','2025-05-09 03:14:24',0,1.00),(1224,'The Old Man and the Sea（老人与海）',NULL,'2025-05-09 03:14:24','2025-05-09 03:14:24',0,1.00),(1225,'Wuthering Heights',NULL,'2025-05-09 03:14:24','2025-05-09 03:14:24',0,1.00),(1226,'傲慢与偏见',NULL,'2025-05-09 03:14:24','2025-05-09 03:14:24',0,1.00),(1227,'彼得 · 德鲁克文集',NULL,'2025-05-09 03:14:24','2025-05-09 03:14:24',0,1.00),(1228,'不平等的代价',NULL,'2025-05-09 03:14:24','2025-05-09 03:14:24',0,1.00),(1229,'布林克现代内部审计',NULL,'2025-05-09 03:14:24','2025-05-09 03:14:24',0,1.00),(1230,'采购与供应链管理：一个实践者的角度',NULL,'2025-05-09 03:14:24','2025-05-09 03:14:24',0,1.00),(1231,'策略思维',NULL,'2025-05-09 03:14:24','2025-05-09 03:14:24',0,1.00),(1232,'聪明的投资者',NULL,'2025-05-09 03:14:24','2025-05-09 03:14:24',0,1.00),(1233,'大外交',NULL,'2025-05-09 03:14:24','2025-05-09 03:14:24',0,1.00),(1234,'道德经',NULL,'2025-05-09 03:14:24','2025-05-09 03:14:24',0,1.00),(1235,'道德情操论',NULL,'2025-05-09 03:14:24','2025-05-09 03:14:24',0,1.00),(1236,'道氏理论',NULL,'2025-05-09 03:14:24','2025-05-09 03:14:24',0,1.00),(1237,'帝国主义是资本主义的最高阶段',NULL,'2025-05-09 03:14:24','2025-05-09 03:14:24',0,1.00),(1238,'法律的正当程序',NULL,'2025-05-09 03:14:24','2025-05-09 03:14:24',0,1.00),(1239,'非理性繁荣',NULL,'2025-05-09 03:14:24','2025-05-09 03:14:24',0,1.00),(1240,'浮士德',NULL,'2025-05-09 03:14:24','2025-05-09 03:14:24',0,1.00),(1241,'赋税原理',NULL,'2025-05-09 03:14:24','2025-05-09 03:14:24',0,1.00),(1242,'改造传统农业',NULL,'2025-05-09 03:14:24','2025-05-09 03:14:24',0,1.00),(1243,'高级财务实证理论研究',NULL,'2025-05-09 03:14:24','2025-05-09 03:14:24',0,1.00),(1244,'高效能人士的七个习惯',NULL,'2025-05-09 03:14:24','2025-05-09 03:14:24',0,1.00),(1245,'供应管理',NULL,'2025-05-09 03:14:24','2025-05-09 03:14:24',0,1.00),(1246,'共产党宣言',NULL,'2025-05-09 03:14:24','2025-05-09 03:14:24',0,1.00),(1247,'古今数学思想',NULL,'2025-05-09 03:14:24','2025-05-09 03:14:24',0,1.00),(1248,'管理百年',NULL,'2025-05-09 03:14:24','2025-05-09 03:14:24',0,1.00),(1249,'管理控制系统',NULL,'2025-05-09 03:14:24','2025-05-09 03:14:24',0,1.00),(1250,'管理思想的演变',NULL,'2025-05-09 03:14:24','2025-05-09 03:14:24',0,1.00),(1251,'管理行为',NULL,'2025-05-09 03:14:24','2025-05-09 03:14:24',0,1.00),(1252,'国富论',NULL,'2025-05-09 03:14:24','2025-05-09 03:14:24',0,1.00),(1253,'国家竞争优势',NULL,'2025-05-09 03:14:24','2025-05-09 03:14:24',0,1.00),(1254,'哈姆雷特',NULL,'2025-05-09 03:14:24','2025-05-09 03:14:24',0,1.00),(1255,'红楼梦',NULL,'2025-05-09 03:14:24','2025-05-09 03:14:24',0,1.00),(1256,'黄金简史',NULL,'2025-05-09 03:14:24','2025-05-09 03:14:24',0,1.00),(1257,'会计发展史',NULL,'2025-05-09 03:14:24','2025-05-09 03:14:24',0,1.00),(1258,'会计与财务经典文献',NULL,'2025-05-09 03:14:24','2025-05-09 03:14:24',0,1.00),(1259,'会计与审计研究前沿文献导读',NULL,'2025-05-09 03:14:24','2025-05-09 03:14:24',0,1.00),(1260,'货币、信用与商业',NULL,'2025-05-09 03:14:24','2025-05-09 03:14:24',0,1.00),(1261,'货币理论与政策',NULL,'2025-05-09 03:14:24','2025-05-09 03:14:24',0,1.00),(1262,'集体行动的逻辑',NULL,'2025-05-09 03:14:24','2025-05-09 03:14:24',0,1.00),(1263,'计算机：一部历史',NULL,'2025-05-09 03:14:24','2025-05-09 03:14:24',0,1.00),(1264,'简爱',NULL,'2025-05-09 03:14:24','2025-05-09 03:14:24',0,1.00),(1265,'金融与好的社会',NULL,'2025-05-09 03:14:24','2025-05-09 03:14:24',0,1.00),(1266,'经济发展理论',NULL,'2025-05-09 03:14:24','2025-05-09 03:14:24',0,1.00),(1267,'竞争战略',NULL,'2025-05-09 03:14:24','2025-05-09 03:14:24',0,1.00),(1268,'就业、利息和货币通论',NULL,'2025-05-09 03:14:24','2025-05-09 03:14:24',0,1.00),(1269,'菊与刀',NULL,'2025-05-09 03:14:24','2025-05-09 03:14:24',0,1.00),(1270,'决策与判断',NULL,'2025-05-09 03:14:24','2025-05-09 03:14:24',0,1.00),(1271,'鲁滨逊漂流记',NULL,'2025-05-09 03:14:24','2025-05-09 03:14:24',0,1.00),(1272,'论犯罪与刑罚',NULL,'2025-05-09 03:14:24','2025-05-09 03:14:24',0,1.00),(1273,'论美国民主',NULL,'2025-05-09 03:14:24','2025-05-09 03:14:24',0,1.00),(1274,'逻辑的引擎',NULL,'2025-05-09 03:14:24','2025-05-09 03:14:24',0,1.00),(1275,'漫步华尔街',NULL,'2025-05-09 03:14:24','2025-05-09 03:14:24',0,1.00),(1276,'美国法律史',NULL,'2025-05-09 03:14:24','2025-05-09 03:14:24',0,1.00),(1277,'蒙哥马利审计学',NULL,'2025-05-09 03:14:24','2025-05-09 03:14:24',0,1.00),(1278,'民主财政论',NULL,'2025-05-09 03:14:24','2025-05-09 03:14:24',0,1.00),(1279,'南京史话',NULL,'2025-05-09 03:14:24','2025-05-09 03:14:24',0,1.00),(1280,'飘',NULL,'2025-05-09 03:14:24','2025-05-09 03:14:24',0,1.00),(1281,'平衡计分卡：化战略为行动',NULL,'2025-05-09 03:14:24','2025-05-09 03:14:24',0,1.00),(1282,'期权、期货及其他衍生产品',NULL,'2025-05-09 03:14:24','2025-05-09 03:14:24',0,1.00),(1283,'三国演义',NULL,'2025-05-09 03:14:24','2025-05-09 03:14:24',0,1.00),(1284,'莎士比亚十四行诗集',NULL,'2025-05-09 03:14:24','2025-05-09 03:14:24',0,1.00),(1285,'莎士比亚戏剧',NULL,'2025-05-09 03:14:24','2025-05-09 03:14:24',0,1.00),(1286,'社会成本',NULL,'2025-05-09 03:14:24','2025-05-09 03:14:24',0,1.00),(1287,'社会契约论',NULL,'2025-05-09 03:14:24','2025-05-09 03:14:24',0,1.00),(1288,'审计理论结构 (philosophy of auditing)',NULL,'2025-05-09 03:14:24','2025-05-09 03:14:24',0,1.00),(1289,'审计学：一种整合方法',NULL,'2025-05-09 03:14:24','2025-05-09 03:14:24',0,1.00),(1290,'诗经',NULL,'2025-05-09 03:14:24','2025-05-09 03:14:24',0,1.00),(1291,'世说新语',NULL,'2025-05-09 03:14:24','2025-05-09 03:14:24',0,1.00),(1292,'寿险经济学',NULL,'2025-05-09 03:14:24','2025-05-09 03:14:24',0,1.00),(1293,'数学之美',NULL,'2025-05-09 03:14:24','2025-05-09 03:14:24',0,1.00),(1294,'水浒传',NULL,'2025-05-09 03:14:24','2025-05-09 03:14:24',0,1.00),(1295,'说文解字',NULL,'2025-05-09 03:14:24','2025-05-09 03:14:24',0,1.00),(1296,'司法过程的性质',NULL,'2025-05-09 03:14:24','2025-05-09 03:14:24',0,1.00),(1297,'思考，快与慢',NULL,'2025-05-09 03:14:24','2025-05-09 03:14:24',0,1.00),(1298,'算法之道',NULL,'2025-05-09 03:14:24','2025-05-09 03:14:24',0,1.00),(1299,'唐律疏义',NULL,'2025-05-09 03:14:24','2025-05-09 03:14:24',0,1.00),(1300,'唐诗宋词',NULL,'2025-05-09 03:14:24','2025-05-09 03:14:24',0,1.00),(1301,'通往奴役之路',NULL,'2025-05-09 03:14:24','2025-05-09 03:14:24',0,1.00),(1302,'统计与真理 —— 怎样运用偶然性',NULL,'2025-05-09 03:14:24','2025-05-09 03:14:24',0,1.00),(1303,'万物简史',NULL,'2025-05-09 03:14:24','2025-05-09 03:14:24',0,1.00),(1304,'威尼斯商人',NULL,'2025-05-09 03:14:24','2025-05-09 03:14:24',0,1.00),(1305,'稳定不稳定的经济',NULL,'2025-05-09 03:14:24','2025-05-09 03:14:24',0,1.00),(1306,'物理学史',NULL,'2025-05-09 03:14:24','2025-05-09 03:14:24',0,1.00),(1307,'西方语言学流派',NULL,'2025-05-09 03:14:24','2025-05-09 03:14:24',0,1.00),(1308,'西游记',NULL,'2025-05-09 03:14:24','2025-05-09 03:14:24',0,1.00),(1309,'新民主主义论 ( 毛选第二卷 )',NULL,'2025-05-09 03:14:24','2025-05-09 03:14:24',0,1.00),(1310,'信息简史',NULL,'2025-05-09 03:14:24','2025-05-09 03:14:24',0,1.00),(1311,'演化经济学',NULL,'2025-05-09 03:14:24','2025-05-09 03:14:24',0,1.00),(1312,'英语经典散文导读',NULL,'2025-05-09 03:14:24','2025-05-09 03:14:24',0,1.00),(1313,'永别了 , 武器',NULL,'2025-05-09 03:14:24','2025-05-09 03:14:24',0,1.00),(1314,'语言与文化',NULL,'2025-05-09 03:14:24','2025-05-09 03:14:24',0,1.00),(1315,'阅微草堂笔记',NULL,'2025-05-09 03:14:24','2025-05-09 03:14:24',0,1.00),(1316,'战略地图：化无形资产为有形成果',NULL,'2025-05-09 03:14:24','2025-05-09 03:14:24',0,1.00),(1317,'战略历程',NULL,'2025-05-09 03:14:24','2025-05-09 03:14:24',0,1.00),(1318,'战略性贸易政策与新国际经济学',NULL,'2025-05-09 03:14:24','2025-05-09 03:14:24',0,1.00),(1319,'政府与市场：变革中的政府职能',NULL,'2025-05-09 03:14:24','2025-05-09 03:14:24',0,1.00),(1320,'制度、制度变迁与经济绩效',NULL,'2025-05-09 03:14:24','2025-05-09 03:14:24',0,1.00),(1321,'致命的自负、通往奴役之路',NULL,'2025-05-09 03:14:24','2025-05-09 03:14:24',0,1.00),(1322,'中国近代史',NULL,'2025-05-09 03:14:24','2025-05-09 03:14:24',0,1.00),(1323,'中国历代政治得失',NULL,'2025-05-09 03:14:24','2025-05-09 03:14:24',0,1.00),(1324,'中国审计史',NULL,'2025-05-09 03:14:24','2025-05-09 03:14:24',0,1.00),(1325,'中国文字学',NULL,'2025-05-09 03:14:24','2025-05-09 03:14:24',0,1.00),(1326,'中国语言学史',NULL,'2025-05-09 03:14:24','2025-05-09 03:14:24',0,1.00),(1327,'资本论',NULL,'2025-05-09 03:14:24','2025-05-09 03:14:24',0,1.00),(1328,'资本论（第一卷）',NULL,'2025-05-09 03:14:24','2025-05-09 03:14:24',0,1.00);
/*!40000 ALTER TABLE `t_course` ENABLE KEYS */;
UNLOCK TABLES;
/*!50003 SET @saved_cs_client      = @@character_set_client */ ;
/*!50003 SET @saved_cs_results     = @@character_set_results */ ;
/*!50003 SET @saved_col_connection = @@collation_connection */ ;
/*!50003 SET character_set_client  = utf8mb4 */ ;
/*!50003 SET character_set_results = utf8mb4 */ ;
/*!50003 SET collation_connection  = utf8mb4_0900_ai_ci */ ;
/*!50003 SET @saved_sql_mode       = @@sql_mode */ ;
/*!50003 SET sql_mode              = 'ONLY_FULL_GROUP_BY,STRICT_TRANS_TABLES,NO_ZERO_IN_DATE,NO_ZERO_DATE,ERROR_FOR_DIVISION_BY_ZERO,NO_ENGINE_SUBSTITUTION' */ ;
DELIMITER ;;
/*!50003 CREATE*/ /*!50017 DEFINER=`root`@`localhost`*/ /*!50003 TRIGGER `update_course_name_in_resource` AFTER UPDATE ON `t_course` FOR EACH ROW BEGIN
    IF NEW.name <> OLD.name AND NEW.is_deleted = 0 THEN
        UPDATE t_resource
        SET course_name = NEW.name
        WHERE course_id = NEW.id AND is_deleted = 0;

        UPDATE t_resource_request
        SET course_name = NEW.name
        WHERE course_id = NEW.id AND is_deleted = 0;
    END IF;
END */;;
DELIMITER ;
/*!50003 SET sql_mode              = @saved_sql_mode */ ;
/*!50003 SET character_set_client  = @saved_cs_client */ ;
/*!50003 SET character_set_results = @saved_cs_results */ ;
/*!50003 SET collation_connection  = @saved_col_connection */ ;

--
-- Table structure for table `t_hot_search`
--

DROP TABLE IF EXISTS `t_hot_search`;
/*!40101 SET @saved_cs_client     = @@character_set_client */;
/*!50503 SET character_set_client = utf8mb4 */;
CREATE TABLE `t_hot_search` (
  `id` bigint NOT NULL AUTO_INCREMENT COMMENT '搜索记录ID',
  `keyword` varchar(100) NOT NULL COMMENT '搜索关键词',
  `search_count` int NOT NULL DEFAULT '1' COMMENT '搜索次数',
  `last_search_time` datetime NOT NULL COMMENT '最近搜索时间',
  `create_time` datetime NOT NULL COMMENT '创建时间',
  `update_time` datetime NOT NULL COMMENT '更新时间',
  `is_deleted` tinyint NOT NULL DEFAULT '0' COMMENT '是否删除，0-未删除，1-已删除',
  PRIMARY KEY (`id`),
  UNIQUE KEY `uk_keyword` (`keyword`),
  KEY `idx_search_count` (`search_count`),
  KEY `idx_last_search_time` (`last_search_time`)
) ENGINE=InnoDB AUTO_INCREMENT=1920111957084590098 DEFAULT CHARSET=utf8mb4 COLLATE=utf8mb4_0900_ai_ci COMMENT='搜索记录表';
/*!40101 SET character_set_client = @saved_cs_client */;

--
-- Dumping data for table `t_hot_search`
--

LOCK TABLES `t_hot_search` WRITE;
/*!40000 ALTER TABLE `t_hot_search` DISABLE KEYS */;
INSERT INTO `t_hot_search` VALUES (1,'高等数学',120,'2025-05-07 21:23:21','2025-05-07 21:23:21','2025-05-07 21:23:21',0),(2,'大学英语',98,'2025-05-07 21:23:21','2025-05-07 21:23:21','2025-05-07 21:23:21',0),(3,'数据结构',85,'2025-05-07 21:23:21','2025-05-07 21:23:21','2025-05-07 21:23:21',0),(4,'操作系统',79,'2025-05-07 21:23:21','2025-05-07 21:23:21','2025-05-07 21:23:21',0),(5,'计算机网络',75,'2025-05-07 21:23:21','2025-05-07 21:23:21','2025-05-07 21:23:21',0),(6,'数据库原理',68,'2025-05-07 21:23:21','2025-05-07 21:23:21','2025-05-07 21:23:21',0),(7,'C语言程序设计',65,'2025-05-07 21:23:21','2025-05-07 21:23:21','2025-05-07 21:23:21',0),(8,'Java程序设计',60,'2025-05-07 21:23:21','2025-05-07 21:23:21','2025-05-07 21:23:21',0),(9,'软件工程',55,'2025-05-07 21:23:21','2025-05-07 21:23:21','2025-05-07 21:23:21',0),(10,'Python基础',52,'2025-05-07 21:23:21','2025-05-07 21:23:21','2025-05-07 21:23:21',0),(11,'机器学习',48,'2025-05-07 21:23:21','2025-05-07 21:23:21','2025-05-07 21:23:21',0),(12,'深度学习',45,'2025-05-07 21:23:21','2025-05-07 21:23:21','2025-05-07 21:23:21',0),(13,'人工智能',42,'2025-05-07 21:23:21','2025-05-07 21:23:21','2025-05-07 21:23:21',0),(14,'编译原理',38,'2025-05-07 21:23:21','2025-05-07 21:23:21','2025-05-07 21:23:21',0),(15,'计算机组成原理',36,'2025-05-07 21:23:21','2025-05-07 21:23:21','2025-05-07 21:23:21',0),(1920111957084590081,'PPT',22,'2025-05-08 21:12:10','2025-05-07 21:42:19','2025-05-08 21:12:10',0),(1920111957084590082,'test',2,'2025-05-07 22:55:53','2025-05-07 22:51:48','2025-05-07 22:55:53',0),(1920111957084590083,'sdafa',5,'2025-05-08 00:02:29','2025-05-08 00:01:01','2025-05-08 00:02:29',0),(1920111957084590084,'远离ppt',1,'2025-05-08 03:04:52','2025-05-08 03:04:52','2025-05-08 03:04:52',0),(1920111957084590085,'原理ppt',1,'2025-05-08 03:04:56','2025-05-08 03:04:56','2025-05-08 03:04:56',0),(1920111957084590086,'ppt1',1,'2025-05-08 03:26:11','2025-05-08 03:26:11','2025-05-08 03:26:11',0),(1920111957084590087,'计算机',1,'2025-05-08 03:32:34','2025-05-08 03:32:34','2025-05-08 03:32:34',0),(1920111957084590088,'auroral',1,'2025-05-08 19:45:17','2025-05-08 19:45:17','2025-05-08 19:45:17',0),(1920111957084590089,'auroral12',1,'2025-05-08 19:45:19','2025-05-08 19:45:19','2025-05-08 19:45:19',0),(1920111957084590090,'范例',1,'2025-05-08 19:45:33','2025-05-08 19:45:33','2025-05-08 19:45:33',0),(1920111957084590091,'docx',1,'2025-05-08 19:45:41','2025-05-08 19:45:41','2025-05-08 19:45:41',0),(1920111957084590092,'admin',1,'2025-05-08 19:51:16','2025-05-08 19:51:16','2025-05-08 19:51:16',0),(1920111957084590093,'admi',1,'2025-05-08 19:52:46','2025-05-08 19:52:46','2025-05-08 19:52:46',0),(1920111957084590094,'a',1,'2025-05-08 19:52:50','2025-05-08 19:52:50','2025-05-08 19:52:50',0),(1920111957084590095,'p',1,'2025-05-08 19:52:55','2025-05-08 19:52:55','2025-05-08 19:52:55',0),(1920111957084590096,'2025',1,'2025-05-08 19:53:05','2025-05-08 19:53:05','2025-05-08 19:53:05',0),(1920111957084590097,'课件PPT示例',1,'2025-05-11 22:35:49','2025-05-11 22:35:49','2025-05-11 22:35:49',0);
/*!40000 ALTER TABLE `t_hot_search` ENABLE KEYS */;
UNLOCK TABLES;

--
-- Table structure for table `t_major`
--

DROP TABLE IF EXISTS `t_major`;
/*!40101 SET @saved_cs_client     = @@character_set_client */;
/*!50503 SET character_set_client = utf8mb4 */;
CREATE TABLE `t_major` (
  `id` bigint NOT NULL AUTO_INCREMENT COMMENT '专业ID',
  `name` varchar(100) NOT NULL COMMENT '专业名称',
  `college_id` bigint NOT NULL COMMENT '所属学院ID',
  `degree` varchar(50) DEFAULT NULL COMMENT '学位类型',
  `xl` tinyint DEFAULT '0' COMMENT '学历等级',
  `xz` varchar(20) DEFAULT NULL COMMENT '学制',
  `create_time` datetime NOT NULL COMMENT '创建时间',
  `update_time` datetime NOT NULL COMMENT '更新时间',
  `is_deleted` tinyint NOT NULL DEFAULT '0' COMMENT '是否删除，0-未删除，1-已删除',
  PRIMARY KEY (`id`),
  KEY `idx_college_id` (`college_id`),
  CONSTRAINT `fk_major_college` FOREIGN KEY (`college_id`) REFERENCES `t_college` (`id`)
) ENGINE=InnoDB AUTO_INCREMENT=19210 DEFAULT CHARSET=utf8mb4 COLLATE=utf8mb4_0900_ai_ci COMMENT='专业表';
/*!40101 SET character_set_client = @saved_cs_client */;

--
-- Dumping data for table `t_major`
--

LOCK TABLES `t_major` WRITE;
/*!40000 ALTER TABLE `t_major` DISABLE KEYS */;
INSERT INTO `t_major` VALUES (5369,'法学',1729,'全日制',0,'四年制','2025-05-07 13:28:22','2025-05-11 18:58:20',1),(5370,'法学（法务会计方向）',1729,'全日制',1,'四年制','2025-05-07 13:28:22','2025-05-11 18:58:20',1),(5371,'法学（法务金融方向）',1729,'全日制',1,'四年制','2025-05-07 13:28:22','2025-05-11 18:58:46',0),(5372,'法学（纪检监察方向）',1729,'全日制',0,'四年制','2025-05-07 13:28:22','2025-05-11 18:58:20',1),(5373,'英语（涉外审计）',1730,'全日制',0,'四年制','2025-05-07 13:28:22','2025-05-07 13:28:22',0),(5374,'汉语言文学',1731,'全日制',1,'四年制','2025-05-07 13:28:22','2025-05-07 13:28:22',0),(5375,'汉语国际教育',1731,'全日制',1,'四年制','2025-05-07 13:28:22','2025-05-07 13:28:22',0),(5376,'经济学',1732,'全日制',1,'四年制','2025-05-07 13:28:22','2025-05-07 13:28:22',0),(5377,'财政学',1732,'全日制',1,'四年制','2025-05-07 13:28:22','2025-05-07 13:28:22',0),(5378,'税收学',1732,'全日制',1,'四年制','2025-05-07 13:28:22','2025-05-07 13:28:22',0),(5379,'国际经济与贸易',1732,'全日制',1,'四年制','2025-05-07 13:28:22','2025-05-07 13:28:22',0),(5380,'贸易经济',1732,'全日制',1,'四年制','2025-05-07 13:28:22','2025-05-07 13:28:22',0),(5381,'电子商务',1732,'全日制',1,'四年制','2025-05-07 13:28:22','2025-05-07 13:28:22',0),(5382,'金融学',1733,'全日制',1,'四年制','2025-05-07 13:28:22','2025-05-07 13:28:22',0),(5383,'金融学（CFA方向）',1733,'全日制',1,'四年制','2025-05-07 13:28:22','2025-05-07 13:28:22',0),(5384,'金融学(金融科技方向)',1733,'全日制',1,'四年制','2025-05-07 13:28:22','2025-05-07 13:28:22',0),(5385,'保险学',1733,'全日制',1,'四年制','2025-05-07 13:28:22','2025-05-07 13:28:22',0),(5386,'信用管理',1733,'全日制',0,'四年制','2025-05-07 13:28:22','2025-05-07 13:28:22',0),(5387,'投资学',1733,'全日制',0,'四年制','2025-05-07 13:28:22','2025-05-07 13:28:22',0),(5388,'金融工程',1733,'全日制',1,'四年制','2025-05-07 13:28:22','2025-05-07 13:28:22',0),(5389,'金融审计',1733,'全日制',1,'四年制','2025-05-07 13:28:22','2025-05-07 13:28:22',0),(5390,'工商管理',1734,'全日制',1,'四年制','2025-05-07 13:28:22','2025-05-07 13:28:22',0),(5391,'工商管理（金融企业管理方向）',1734,'全日制',1,'四年制','2025-05-07 13:28:22','2025-05-07 13:28:22',0),(5392,'工商管理（管理审计方向）',1734,'全日制',1,'四年制','2025-05-07 13:28:22','2025-05-07 13:28:22',0),(5393,'市场营销',1734,'全日制',1,'四年制','2025-05-07 13:28:22','2025-05-07 13:28:22',0),(5394,'人力资源管理',1734,'全日制',1,'四年制','2025-05-07 13:28:22','2025-05-07 13:28:22',0),(5395,'物流管理',1734,'全日制',1,'四年制','2025-05-07 13:28:22','2025-05-07 13:28:22',0),(5396,'大数据管理与应用',1734,'全日制',1,'四年制','2025-05-07 13:28:22','2025-05-07 13:28:22',0),(5397,'会计学',1735,'全日制',1,'四年制','2025-05-07 13:28:22','2025-05-07 13:28:22',0),(5398,'会计学（中澳项目）',1735,'全日制',1,'四年制','2025-05-07 13:28:22','2025-05-07 13:28:22',0),(5399,'财务管理',1735,'全日制',1,'四年制','2025-05-07 13:28:22','2025-05-07 13:28:22',0),(5400,'审计学（资源环境审计方向）',1736,'全日制',1,'四年制','2025-05-07 13:28:22','2025-05-07 13:28:22',0),(5401,'审计学（政府审计方向）',1736,'全日制',1,'四年制','2025-05-07 13:28:22','2025-05-07 13:28:22',0),(5402,'审计学',1736,'全日制',1,'四年制','2025-05-07 13:28:22','2025-05-07 13:28:22',0),(5403,'审计学（国际内部审计IAEP方向）',1737,'全日制',1,'四年制','2025-05-07 13:28:22','2025-05-07 13:28:22',0),(5404,'审计学（数智内部审计方向）',1737,'全日制',1,'四年制','2025-05-07 13:28:22','2025-05-07 13:28:22',0),(5405,'审计学（ACCA方向）',1738,'全日制',1,'四年制','2025-05-07 13:28:22','2025-05-07 13:28:22',0),(5406,'审计学（创新基地班）',1738,'全日制',1,'四年制','2025-05-07 13:28:22','2025-05-07 13:28:22',0),(5407,'会计学（CMA方向）',1738,'全日制',1,'四年制','2025-05-07 13:28:22','2025-05-07 13:28:22',0),(5408,'会计学专业（智能财务精英班）',1739,'全日制',1,'四年制','2025-05-07 13:28:22','2025-05-07 13:28:22',0),(5409,'审计学专业（注册会计师精英班）',1739,'全日制',1,'四年制','2025-05-07 13:28:22','2025-05-07 13:28:22',0),(5410,'工程审计',1740,'全日制',1,'四年制','2025-05-07 13:28:22','2025-05-07 13:28:22',0),(5411,'工程造价',1740,'全日制',1,'四年制','2025-05-07 13:28:22','2025-05-07 13:28:22',0),(5412,'工程管理',1740,'全日制',1,'四年制','2025-05-07 13:28:22','2025-05-07 13:28:22',0),(5413,'行政管理',1741,'全日制',1,'四年制','2025-05-07 13:28:22','2025-05-07 13:28:22',0),(5414,'劳动与社会保障',1741,'全日制',1,'四年制','2025-05-07 13:28:22','2025-05-07 13:28:22',0),(5415,'政治学、经济学与哲学（PPE）',1741,'全日制',1,'四年制','2025-05-07 13:28:22','2025-05-07 13:28:22',0),(5416,'经济学（中英学分互认联合培养项目）',1742,'全日制',1,'四年制','2025-05-07 13:28:22','2025-05-07 13:28:22',0),(5417,'统计学',1743,'全日制',1,'四年制','2025-05-07 13:28:22','2025-05-07 13:28:22',0),(5418,'经济统计学',1743,'全日制',1,'四年制','2025-05-07 13:28:22','2025-05-07 13:28:22',0),(5419,'计算机科学与技术（计算机审计方向）',1744,'全日制',1,'四年制','2025-05-07 13:28:22','2025-05-07 13:28:22',0),(5420,'软件工程（区块链审计方向）',1744,'全日制',0,'四年制','2025-05-07 13:28:22','2025-05-07 13:28:22',0),(5421,'数据科学与大数据技术（大数据审计技术方向）',1744,'全日制',0,'四年制','2025-05-07 13:28:22','2025-05-07 13:28:22',0),(5422,'信息管理与信息系统（信息系统审计方向）',1744,'全日制',0,'四年制','2025-05-07 13:28:22','2025-05-07 13:28:22',0),(5423,'数学与应用数学',1745,'全日制',0,'四年制','2025-05-07 13:28:22','2025-05-07 13:28:22',0),(5424,'金融数学',1745,'全日制',0,'四年制','2025-05-07 13:28:22','2025-05-07 13:28:22',0),(5425,'审计学（内部审计方向）',1746,'全日制',0,'四年制','2025-05-07 13:28:22','2025-05-07 13:28:22',0),(5426,'金融工程（金融审计方向）',1746,'全日制',0,'四年制','2025-05-07 13:28:22','2025-05-07 13:28:22',0),(5427,'信息管理与信息系统（大数据审计方向）',1746,'全日制',0,'四年制','2025-05-07 13:28:22','2025-05-07 13:28:22',0),(5428,'工程管理（工程审计方向）',1746,'全日制',0,'四年制','2025-05-07 13:28:22','2025-05-07 13:28:22',0),(19150,'内部审计（内部审计方向）',1737,'全日制',0,'四年制','2025-05-07 13:28:22','2025-05-07 13:28:22',0),(19206,'经济与金融国际化创新人才班（EFIT）',1742,'全日制',0,'四年制','2025-05-07 13:28:22','2025-05-07 13:28:22',0),(19207,'数据科学专业',1743,'全日制',0,'四年制','2025-05-07 13:28:22','2025-05-07 13:28:22',0),(19208,'人工智能专业',1744,'全日制',0,'四年制','2025-05-07 13:28:22','2025-05-07 13:28:22',0),(19209,'test',1730,'全日制',1,'二年制','2025-05-11 17:26:39','2025-05-11 17:26:39',0);
/*!40000 ALTER TABLE `t_major` ENABLE KEYS */;
UNLOCK TABLES;
/*!50003 SET @saved_cs_client      = @@character_set_client */ ;
/*!50003 SET @saved_cs_results     = @@character_set_results */ ;
/*!50003 SET @saved_col_connection = @@collation_connection */ ;
/*!50003 SET character_set_client  = utf8mb4 */ ;
/*!50003 SET character_set_results = utf8mb4 */ ;
/*!50003 SET collation_connection  = utf8mb4_0900_ai_ci */ ;
/*!50003 SET @saved_sql_mode       = @@sql_mode */ ;
/*!50003 SET sql_mode              = 'ONLY_FULL_GROUP_BY,STRICT_TRANS_TABLES,NO_ZERO_IN_DATE,NO_ZERO_DATE,ERROR_FOR_DIVISION_BY_ZERO,NO_ENGINE_SUBSTITUTION' */ ;
DELIMITER ;;
/*!50003 CREATE*/ /*!50017 DEFINER=`root`@`localhost`*/ /*!50003 TRIGGER `update_major_name_in_resource` AFTER UPDATE ON `t_major` FOR EACH ROW BEGIN
    IF NEW.name <> OLD.name AND NEW.is_deleted = 0 THEN
        UPDATE t_resource
        SET major_name = NEW.name
        WHERE major_id = NEW.id AND is_deleted = 0;

        UPDATE t_resource_request
        SET major_name = NEW.name
        WHERE major_id = NEW.id AND is_deleted = 0;

        UPDATE t_user
        SET major_name = NEW.name
        WHERE major_id = NEW.id AND is_deleted = 0;
    END IF;
END */;;
DELIMITER ;
/*!50003 SET sql_mode              = @saved_sql_mode */ ;
/*!50003 SET character_set_client  = @saved_cs_client */ ;
/*!50003 SET character_set_results = @saved_cs_results */ ;
/*!50003 SET collation_connection  = @saved_col_connection */ ;

--
-- Table structure for table `t_permission`
--

DROP TABLE IF EXISTS `t_permission`;
/*!40101 SET @saved_cs_client     = @@character_set_client */;
/*!50503 SET character_set_client = utf8mb4 */;
CREATE TABLE `t_permission` (
  `id` bigint NOT NULL AUTO_INCREMENT COMMENT '权限ID',
  `parent_id` bigint DEFAULT NULL COMMENT '父权限ID',
  `name` varchar(50) NOT NULL COMMENT '权限名称',
  `code` varchar(50) NOT NULL COMMENT '权限编码',
  `type` tinyint NOT NULL COMMENT '权限类型：1-菜单，2-按钮，3-API',
  `path` varchar(200) DEFAULT NULL COMMENT '前端路由路径',
  `component` varchar(255) DEFAULT NULL COMMENT '前端组件路径',
  `icon` varchar(100) DEFAULT NULL COMMENT '菜单图标',
  `permission_value` varchar(255) DEFAULT NULL COMMENT '权限值（操作权限）',
  `redirect` varchar(255) DEFAULT NULL COMMENT '重定向地址',
  `sort` int DEFAULT '0' COMMENT '排序',
  `hidden` tinyint NOT NULL DEFAULT '0' COMMENT '是否隐藏：0-显示，1-隐藏',
  `always_show` tinyint DEFAULT '0' COMMENT '是否总是显示：0-否，1-是',
  `keep_alive` tinyint DEFAULT '0' COMMENT '缓存该页面：0-否，1-是',
  `status` tinyint NOT NULL DEFAULT '1' COMMENT '状态：0-禁用，1-启用',
  `create_time` datetime NOT NULL COMMENT '创建时间',
  `update_time` datetime NOT NULL COMMENT '更新时间',
  `is_deleted` tinyint NOT NULL DEFAULT '0' COMMENT '是否删除，0-未删除，1-已删除',
  PRIMARY KEY (`id`),
  UNIQUE KEY `uk_permission_code` (`code`),
  KEY `idx_parent_id` (`parent_id`)
) ENGINE=InnoDB AUTO_INCREMENT=20105 DEFAULT CHARSET=utf8mb4 COLLATE=utf8mb4_0900_ai_ci COMMENT='权限表';
/*!40101 SET character_set_client = @saved_cs_client */;

--
-- Dumping data for table `t_permission`
--

LOCK TABLES `t_permission` WRITE;
/*!40000 ALTER TABLE `t_permission` DISABLE KEYS */;
INSERT INTO `t_permission` VALUES (1,NULL,'系统管理','system',1,'/system','Layout','Setting',NULL,'/system/user',1,0,1,0,1,'2025-05-09 18:13:27','2025-05-09 18:13:27',0),(2,NULL,'内容管理','content',1,'/content','Layout','Document',NULL,'/content/resource',2,0,1,0,1,'2025-05-09 18:13:27','2025-05-09 18:13:27',0),(3,NULL,'审核管理','audit',1,'/audit','Layout','Checked',NULL,'/audit/resource',3,0,1,0,1,'2025-05-09 18:13:27','2025-05-09 18:13:27',0),(4,NULL,'统计分析','statistics',1,'/statistics','Layout','Chart',NULL,'/statistics/overview',4,0,1,0,1,'2025-05-09 18:13:27','2025-05-09 18:13:27',0),(101,1,'用户管理','system:user',1,'/system/user','system/user/index','User',NULL,NULL,1,0,0,1,1,'2025-05-09 18:13:27','2025-05-09 18:13:27',0),(102,1,'角色管理','system:role',1,'/system/role','system/role/index','Lock',NULL,NULL,2,0,0,1,1,'2025-05-09 18:13:27','2025-05-09 18:13:27',0),(103,1,'菜单管理','system:menu',1,'/system/menu','system/menu/index','Menu',NULL,NULL,3,0,0,1,1,'2025-05-09 18:13:27','2025-05-09 18:13:27',0),(104,1,'API管理','system:api',1,'/system/api','system/api/index','Api',NULL,NULL,4,0,0,1,1,'2025-05-09 18:13:27','2025-05-09 18:13:27',0),(201,2,'资源管理','content:resource',1,'/content/resource','content/resource/index','Document',NULL,NULL,1,0,0,1,1,'2025-05-09 18:13:28','2025-05-09 18:13:28',0),(202,2,'分类管理','content:category',1,'/content/category','content/category/index','Collection',NULL,NULL,2,0,0,1,1,'2025-05-09 18:13:28','2025-05-09 18:13:28',0),(203,2,'评论管理','content:comment',1,'/content/comment','content/comment/index','ChatLineRound',NULL,NULL,3,0,0,1,1,'2025-05-09 18:13:28','2025-05-09 18:13:28',0),(204,2,'求助管理','content:request',1,'/content/request','content/request/index','Help',NULL,NULL,4,0,0,1,1,'2025-05-09 18:13:28','2025-05-09 18:13:28',0),(301,3,'资源审核','audit:resource',1,'/audit/resource','audit/resource/index','CheckboxChecked',NULL,NULL,1,0,0,1,1,'2025-05-09 18:13:28','2025-05-09 18:13:28',0),(302,3,'评论审核','audit:comment',1,'/audit/comment','audit/comment/index','ChatDotRound',NULL,NULL,2,0,0,1,1,'2025-05-09 18:13:28','2025-05-09 18:13:28',0),(401,4,'总览','statistics:overview',1,'/statistics/overview','statistics/overview/index','DataAnalysis',NULL,NULL,1,0,0,1,1,'2025-05-09 18:13:28','2025-05-09 18:13:28',0),(402,4,'资源统计','statistics:resource',1,'/statistics/resource','statistics/resource/index','PieChart',NULL,NULL,2,0,0,1,1,'2025-05-09 18:13:28','2025-05-09 18:13:28',0),(403,4,'用户统计','statistics:user',1,'/statistics/user','statistics/user/index','User',NULL,NULL,3,0,0,1,1,'2025-05-09 18:13:28','2025-05-09 18:13:28',0),(10101,101,'查询用户','system:user:list',2,NULL,NULL,NULL,'system:user:list',NULL,1,0,0,0,1,'2025-05-09 18:13:28','2025-05-09 18:13:28',0),(10102,101,'创建用户','system:user:create',2,NULL,NULL,NULL,'system:user:create',NULL,2,0,0,0,1,'2025-05-09 18:13:28','2025-05-09 18:13:28',0),(10103,101,'修改用户','system:user:update',2,NULL,NULL,NULL,'system:user:update',NULL,3,0,0,0,1,'2025-05-09 18:13:28','2025-05-09 18:13:28',0),(10104,101,'删除用户','system:user:delete',2,NULL,NULL,NULL,'system:user:delete',NULL,4,0,0,0,1,'2025-05-09 18:13:28','2025-05-09 18:13:28',0),(10105,101,'分配角色','system:user:assign',2,NULL,NULL,NULL,'system:user:assign',NULL,5,0,0,0,1,'2025-05-09 18:13:28','2025-05-09 18:13:28',0),(10201,102,'查询角色','system:role:list',2,NULL,NULL,NULL,'system:role:list',NULL,1,0,0,0,1,'2025-05-09 18:13:28','2025-05-09 18:13:28',0),(10202,102,'创建角色','system:role:create',2,NULL,NULL,NULL,'system:role:create',NULL,2,0,0,0,1,'2025-05-09 18:13:28','2025-05-09 18:13:28',0),(10203,102,'修改角色','system:role:update',2,NULL,NULL,NULL,'system:role:update',NULL,3,0,0,0,1,'2025-05-09 18:13:28','2025-05-09 18:13:28',0),(10204,102,'删除角色','system:role:delete',2,NULL,NULL,NULL,'system:role:delete',NULL,4,0,0,0,1,'2025-05-09 18:13:28','2025-05-09 18:13:28',0),(10205,102,'分配权限','system:role:permission',2,NULL,NULL,NULL,'system:role:permission',NULL,5,0,0,0,1,'2025-05-09 18:13:28','2025-05-09 18:13:28',0),(20101,201,'查询资源','content:resource:list',2,NULL,NULL,NULL,'content:resource:list',NULL,1,0,0,0,1,'2025-05-09 18:13:28','2025-05-09 18:13:28',0),(20102,201,'创建资源','content:resource:create',2,NULL,NULL,NULL,'content:resource:create',NULL,2,0,0,0,1,'2025-05-09 18:13:28','2025-05-09 18:13:28',0),(20103,201,'修改资源','content:resource:update',2,NULL,NULL,NULL,'content:resource:update',NULL,3,0,0,0,1,'2025-05-09 18:13:28','2025-05-09 18:13:28',0),(20104,201,'删除资源','content:resource:delete',2,NULL,NULL,NULL,'content:resource:delete',NULL,4,0,0,0,1,'2025-05-09 18:13:28','2025-05-09 18:13:28',0);
/*!40000 ALTER TABLE `t_permission` ENABLE KEYS */;
UNLOCK TABLES;

--
-- Table structure for table `t_popular_search`
--

DROP TABLE IF EXISTS `t_popular_search`;
/*!40101 SET @saved_cs_client     = @@character_set_client */;
/*!50503 SET character_set_client = utf8mb4 */;
CREATE TABLE `t_popular_search` (
  `id` bigint NOT NULL AUTO_INCREMENT COMMENT '热门搜索ID',
  `keyword` varchar(100) NOT NULL COMMENT '热门关键词',
  `rank` int NOT NULL DEFAULT '0' COMMENT '排序权重',
  `count_weight` int NOT NULL DEFAULT '0' COMMENT '统计权重',
  `is_manual` tinyint NOT NULL DEFAULT '0' COMMENT '是否手动添加，0-自动统计，1-手动添加',
  `start_time` datetime DEFAULT NULL COMMENT '生效开始时间',
  `end_time` datetime DEFAULT NULL COMMENT '生效结束时间',
  `status` tinyint NOT NULL DEFAULT '1' COMMENT '状态，0-下线，1-上线',
  `create_time` datetime NOT NULL COMMENT '创建时间',
  `update_time` datetime NOT NULL COMMENT '更新时间',
  `is_deleted` tinyint NOT NULL DEFAULT '0' COMMENT '是否删除，0-未删除，1-已删除',
  PRIMARY KEY (`id`),
  UNIQUE KEY `uk_keyword` (`keyword`),
  KEY `idx_rank` (`rank`),
  KEY `idx_status` (`status`),
  KEY `idx_start_end_time` (`start_time`,`end_time`)
) ENGINE=InnoDB AUTO_INCREMENT=14 DEFAULT CHARSET=utf8mb4 COLLATE=utf8mb4_0900_ai_ci COMMENT='热门搜索词表';
/*!40101 SET character_set_client = @saved_cs_client */;

--
-- Dumping data for table `t_popular_search`
--

LOCK TABLES `t_popular_search` WRITE;
/*!40000 ALTER TABLE `t_popular_search` DISABLE KEYS */;
INSERT INTO `t_popular_search` VALUES (1,'期末复习资料',1,500,1,'2025-05-06 21:23:49','2025-06-06 21:23:49',1,'2025-05-07 21:23:49','2025-05-07 21:23:49',0),(2,'考研辅导',2,450,1,'2025-05-06 21:23:49','2025-06-06 21:23:49',1,'2025-05-07 21:23:49','2025-05-07 21:23:49',0),(3,'毕业设计',3,400,1,'2025-05-06 21:23:49','2025-06-06 21:23:49',1,'2025-05-07 21:23:49','2025-05-07 21:23:49',0),(4,'高等数学',4,120,0,NULL,NULL,1,'2025-05-07 21:24:03','2025-05-07 21:24:03',0),(5,'大学英语',5,98,0,NULL,NULL,1,'2025-05-07 21:24:03','2025-05-07 21:24:03',0),(6,'数据结构',6,85,0,NULL,NULL,1,'2025-05-07 21:24:03','2025-05-07 21:24:03',0),(7,'操作系统',7,79,0,NULL,NULL,1,'2025-05-07 21:24:03','2025-05-07 21:24:03',0),(8,'计算机网络',8,75,0,NULL,NULL,1,'2025-05-07 21:24:03','2025-05-07 21:24:03',0),(9,'数据库原理',9,68,0,NULL,NULL,1,'2025-05-07 21:24:03','2025-05-07 21:24:03',0),(10,'C语言程序设计',10,65,0,NULL,NULL,1,'2025-05-07 21:24:03','2025-05-07 21:24:03',0),(11,'Java程序设计',11,60,0,NULL,NULL,1,'2025-05-07 21:24:03','2025-05-07 21:24:03',0),(12,'软件工程',12,55,0,NULL,NULL,1,'2025-05-07 21:24:03','2025-05-07 21:24:03',0),(13,'Python基础',13,52,0,NULL,NULL,1,'2025-05-07 21:24:03','2025-05-07 21:24:03',0);
/*!40000 ALTER TABLE `t_popular_search` ENABLE KEYS */;
UNLOCK TABLES;

--
-- Table structure for table `t_resource`
--

DROP TABLE IF EXISTS `t_resource`;
/*!40101 SET @saved_cs_client     = @@character_set_client */;
/*!50503 SET character_set_client = utf8mb4 */;
CREATE TABLE `t_resource` (
  `id` bigint NOT NULL AUTO_INCREMENT COMMENT '资源ID',
  `title` varchar(100) NOT NULL COMMENT '资源标题',
  `description` text COMMENT '资源描述',
  `file_url` varchar(255) NOT NULL COMMENT '文件URL',
  `file_type` varchar(20) NOT NULL COMMENT '文件类型',
  `file_size` bigint NOT NULL COMMENT '文件大小（字节）',
  `download_count` int NOT NULL DEFAULT '0' COMMENT '下载次数',
  `view_count` int NOT NULL DEFAULT '0' COMMENT '浏览次数',
  `like_count` int NOT NULL DEFAULT '0' COMMENT '点赞次数',
  `uploader_id` bigint NOT NULL COMMENT '上传者ID',
  `college_id` bigint DEFAULT NULL COMMENT '学院ID',
  `college_name` varchar(100) DEFAULT NULL COMMENT '学院名称',
  `major_id` bigint DEFAULT NULL COMMENT '专业ID',
  `major_name` varchar(100) DEFAULT NULL COMMENT '专业名称',
  `course_id` bigint DEFAULT NULL COMMENT '课程ID',
  `course_name` varchar(100) DEFAULT NULL COMMENT '课程名称',
  `category_id` bigint NOT NULL COMMENT '分类ID',
  `category_name` varchar(50) DEFAULT NULL COMMENT '分类名称',
  `tags` varchar(255) DEFAULT NULL COMMENT '标签，多个标签用逗号分隔',
  `status` tinyint NOT NULL DEFAULT '0' COMMENT '状态，0-待审核，1-已通过，2-已拒绝',
  `create_time` datetime NOT NULL COMMENT '创建时间',
  `update_time` datetime NOT NULL COMMENT '更新时间',
  `is_deleted` tinyint NOT NULL DEFAULT '0' COMMENT '是否删除，0-未删除，1-已删除',
  PRIMARY KEY (`id`),
  KEY `idx_uploader_id` (`uploader_id`),
  KEY `idx_college_id` (`college_id`),
  KEY `idx_major_id` (`major_id`),
  KEY `idx_course_id` (`course_id`),
  KEY `idx_category_id` (`category_id`),
  KEY `idx_create_time` (`create_time`),
  KEY `idx_status` (`status`),
  FULLTEXT KEY `ft_title_desc_tags` (`title`,`description`,`tags`),
  CONSTRAINT `fk_resource_category` FOREIGN KEY (`category_id`) REFERENCES `t_category` (`id`),
  CONSTRAINT `fk_resource_college` FOREIGN KEY (`college_id`) REFERENCES `t_college` (`id`),
  CONSTRAINT `fk_resource_course` FOREIGN KEY (`course_id`) REFERENCES `t_course` (`id`),
  CONSTRAINT `fk_resource_major` FOREIGN KEY (`major_id`) REFERENCES `t_major` (`id`),
  CONSTRAINT `fk_resource_user` FOREIGN KEY (`uploader_id`) REFERENCES `t_user` (`id`)
) ENGINE=InnoDB AUTO_INCREMENT=23 DEFAULT CHARSET=utf8mb4 COLLATE=utf8mb4_0900_ai_ci COMMENT='资源表';
/*!40101 SET character_set_client = @saved_cs_client */;

--
-- Dumping data for table `t_resource`
--

LOCK TABLES `t_resource` WRITE;
/*!40000 ALTER TABLE `t_resource` DISABLE KEYS */;
INSERT INTO `t_resource` VALUES (1,'高等数学期末复习笔记','南审数学学院2025年高等数学综合复习资料，包含重点公式和例题','https://big-event20040810.oss-cn-beijing.aliyuncs.com/2509754.pdf','pdf',1245600,104,305,13,1,1745,'数学学院',5423,'数学与应用数学',NULL,NULL,1,'学习笔记','高数,数学,期末复习',1,'2025-05-03 10:15:28','2025-05-06 15:32:10',0),(2,'计算机网络原理PPT','计算机学院网络原理课程精华PPT，涵盖TCP/IP和OSI模型','https://big-event20040810.oss-cn-beijing.aliyuncs.com/Web%E6%8A%80%E6%9C%AF%E5%BA%94%E7%94%A8%E5%9F%BA%E7%A1%80_d08.ppt','pptx',3569200,60,216,29,2,1744,'计算机学院/智能审计学院',5419,'计算机科学与技术（计算机审计方向）',NULL,NULL,2,'课件PPT','计算机网络,TCP/IP,OSI',1,'2025-05-02 09:23:45','2025-05-06 16:41:33',0),(3,'审计学原理与实务教材','社会审计学院推荐教材，含课后习题答案','https://big-event20040810.oss-cn-beijing.aliyuncs.com/%E5%AE%9E%E4%B9%A0%E9%97%AE%E9%A2%98%EF%BC%88%E5%AE%A1%E8%AE%A1%EF%BC%89.pdf','pdf',8642500,91,344,43,3,1738,'社会审计学院',5406,'审计学（创新基地班）',NULL,NULL,4,'电子书籍','审计学,教材,习题答案',1,'2025-04-29 13:42:18','2025-05-07 08:24:53',0),(4,'金融衍生品分析实验报告','金融工程专业期末实验报告模板与范例','https://big-event20040810.oss-cn-beijing.aliyuncs.com/%E8%AE%A1%E7%AE%97%E6%9C%BA%E5%AD%A6%E9%99%A2%E5%AD%A6%E7%94%9F%E4%BC%9A%E7%BB%8F%E9%AA%8C%E5%88%86%E4%BA%AB%E4%BA%A4%E6%B5%81%E4%BC%9A%E5%8F%91%E8%A8%80%E7%A8%BF.docx','docx',762800,26,100,8,4,1733,'金融学院',5388,'金融工程',NULL,NULL,6,'实验报告','金融衍生品,实验报告,模板',1,'2025-05-05 16:31:45','2025-05-07 10:12:36',0),(5,'法学考研真题解析','法学专业历年考研真题及详细解析','https://big-event20040810.oss-cn-beijing.aliyuncs.com/%E8%AF%BE%E7%A8%8B%E8%A1%A8.xlsx','pdf',5467200,123,571,73,1,1729,'法学院',5369,'法学',NULL,NULL,3,'资料文件','法学,考研,真题解析',1,'2025-04-20 14:28:32','2025-05-07 09:45:27',0),(6,'PNG格式测试图片','PNG格式图片资源测试文件','https://big-event20040810.oss-cn-beijing.aliyuncs.com/3baa27c9-4b6f-49ca-b06e-2911ebf695c4.png','image/png',102400,0,11,0,1,1744,'计算机学院/智能审计学院',5419,'计算机科学与技术（计算机审计方向）',NULL,NULL,3,'资料文件','图片,测试,PNG',1,'2025-05-08 23:57:52','2025-05-08 23:57:52',0),(7,'卡通风格测试图片','另一个PNG格式图片资源','https://big-event20040810.oss-cn-beijing.aliyuncs.com/67ac8ac6-0b45-4767-90ab-d606424c8364.png','image/png',153600,2,10,1,2,1731,'文学院',5374,'汉语言文学',NULL,NULL,3,'资料文件','图片,卡通,设计',1,'2025-05-08 23:57:52','2025-05-08 23:57:52',0),(8,'JPG格式图片测试','JPG格式图片资源测试文件','https://big-event20040810.oss-cn-beijing.aliyuncs.com/6a331db8-7f69-41a7-b17c-98b4e9f874fd.jpg','image/jpeg',204800,4,13,2,3,1732,'经济学院',5376,'经济学',NULL,NULL,3,'资料文件','图片,照片,JPG',1,'2025-05-08 23:57:52','2025-05-08 23:57:52',0),(9,'课程表Excel表格','课程安排Excel表格','https://big-event20040810.oss-cn-beijing.aliyuncs.com/课程表.xlsx','xlsx',32768,19,47,8,1,1730,'外国语学院',5373,'英语（涉外审计）',NULL,NULL,3,'资料文件','Excel,表格,课程表',1,'2025-05-08 23:59:07','2025-05-09 15:28:14',1),(10,'配置文件示例','YAML格式配置文件示例','https://big-event20040810.oss-cn-beijing.aliyuncs.com/config.yaml','yaml',1024,8,25,4,4,1744,'计算机学院/智能审计学院',5420,'软件工程（区块链审计方向）',NULL,NULL,3,'资料文件','配置文件,YAML,示例',1,'2025-05-08 23:59:07','2025-05-08 23:59:07',0),(11,'数据库SQL脚本','Reggie数据库SQL文件','https://big-event20040810.oss-cn-beijing.aliyuncs.com/db_reggie.sql','sql',40960,25,81,12,2,1744,'计算机学院/智能审计学院',5422,'信息管理与信息系统（信息系统审计方向）',NULL,NULL,3,'资料文件','SQL,数据库,脚本',1,'2025-05-08 23:59:07','2025-05-08 23:59:07',0),(12,'C++测试代码','C++编程语言测试代码文件','https://big-event20040810.oss-cn-beijing.aliyuncs.com/001test.cpp','cpp',2048,20,53,9,3,1744,'计算机学院/智能审计学院',5419,'计算机科学与技术（计算机审计方向）',NULL,NULL,3,'资料文件','C++,代码,编程',1,'2025-05-08 23:59:07','2025-05-08 23:59:07',0),(13,'CSV数据集','逗号分隔值格式数据集','https://big-event20040810.oss-cn-beijing.aliyuncs.com/CSV_1c105c71-880d-4da4-9094-c2c65ffd80c9.csv','csv',15360,23,58,15,1,1743,'统计与数据科学学院',5417,'统计学',NULL,NULL,3,'资料文件','CSV,数据集,统计',1,'2025-05-08 23:59:07','2025-05-09 15:30:00',1),(14,'网站图标','网站Favicon图标文件','https://big-event20040810.oss-cn-beijing.aliyuncs.com/logo.ico','ico',4096,7,21,2,2,1744,'计算机学院/智能审计学院',5420,'软件工程（区块链审计方向）',NULL,NULL,3,'资料文件','图标,ICO,网站',1,'2025-05-08 23:59:07','2025-05-08 23:59:07',0),(15,'订单文本记录','文本格式订单记录文件','https://big-event20040810.oss-cn-beijing.aliyuncs.com/order_HOU2504272220624WE.txt','txt',1280,13,37,5,3,1734,'商学院',5390,'工商管理',NULL,NULL,3,'资料文件','文本,订单,记录',1,'2025-05-08 23:59:07','2025-05-08 23:59:07',0),(16,'SVG矢量图形','SVG格式矢量图形文件','https://big-event20040810.oss-cn-beijing.aliyuncs.com/svg_1743761535293.svg','svg',6144,8,32,6,4,1731,'文学院',5374,'汉语言文学',NULL,NULL,3,'资料文件','SVG,矢量图,设计',1,'2025-05-08 23:59:07','2025-05-08 23:59:07',0),(17,'Web Manifest模板','ERB格式网站清单模板文件','https://big-event20040810.oss-cn-beijing.aliyuncs.com/site.webmanifest.erb','erb',3072,8,22,3,1,1744,'计算机学院/智能审计学院',5420,'软件工程（区块链审计方向）',NULL,NULL,3,'资料文件','模板,ERB,网站',1,'2025-05-08 23:59:07','2025-05-09 15:28:49',1),(18,'Python系统脚本','重置机器ID的Python脚本','https://big-event20040810.oss-cn-beijing.aliyuncs.com/reset_machine_id.py','py',2560,21,54,11,2,1744,'计算机学院/智能审计学院',5419,'计算机科学与技术（计算机审计方向）',NULL,NULL,3,'资料文件','Python,脚本,系统',1,'2025-05-08 23:59:07','2025-05-08 23:59:07',0),(19,'API文档','V3 API文档Markdown文件','https://big-event20040810.oss-cn-beijing.aliyuncs.com/-v3-api-docs.md','md',8192,32,93,18,3,1744,'计算机学院/智能审计学院',5422,'信息管理与信息系统（信息系统审计方向）',NULL,NULL,3,'资料文件','Markdown,API,文档',1,'2025-05-08 23:59:07','2025-05-08 23:59:07',0),(20,'课件PPT示例','演示用PPT幻灯片','https://big-event20040810.oss-cn-beijing.aliyuncs.com/presentation.pptx','pptx',4567890,28,88,14,1,1732,'经济学院',5377,'财政学',NULL,NULL,2,'课件PPT','PPT,课件,演示',1,'2025-05-08 23:59:07','2025-05-08 23:59:07',0),(21,'哄哄就哦i见哦','哄哄就哦i见哦哄哄就哦i见哦','https://github.com/lin-xin/vue-manage-system','repository',0,0,0,0,1,1729,'法学院',5369,'法学',NULL,'Internal Auditing(IAEP)',2,'课件PPT','[\"哄哄就哦i见哦\",\"哄哄就哦i见哦\"]',0,'2025-05-09 13:45:10','2025-05-12 08:59:31',0),(22,'afeaeafga','afeaeafgaafeaeafgaafeaeafgaafeaeafga','https://big-event20040810.oss-cn-beijing.aliyuncs.com/resources/admin/20250509/1e33adc4d33d487ea63028bbb81f2e0e.png','image',1259669,0,1,0,1,1730,'外国语学院',5373,'英语（涉外审计）',NULL,'Internal Auditing(IAEP)',2,'课件PPT','[\"afeaeafga\",\"afeaeafga\"]',1,'2025-05-09 17:00:11','2025-05-12 08:44:44',0);
/*!40000 ALTER TABLE `t_resource` ENABLE KEYS */;
UNLOCK TABLES;
/*!50003 SET @saved_cs_client      = @@character_set_client */ ;
/*!50003 SET @saved_cs_results     = @@character_set_results */ ;
/*!50003 SET @saved_col_connection = @@collation_connection */ ;
/*!50003 SET character_set_client  = utf8mb4 */ ;
/*!50003 SET character_set_results = utf8mb4 */ ;
/*!50003 SET collation_connection  = utf8mb4_0900_ai_ci */ ;
/*!50003 SET @saved_sql_mode       = @@sql_mode */ ;
/*!50003 SET sql_mode              = 'ONLY_FULL_GROUP_BY,STRICT_TRANS_TABLES,NO_ZERO_IN_DATE,NO_ZERO_DATE,ERROR_FOR_DIVISION_BY_ZERO,NO_ENGINE_SUBSTITUTION' */ ;
DELIMITER ;;
/*!50003 CREATE*/ /*!50017 DEFINER=`root`@`localhost`*/ /*!50003 TRIGGER `set_college_name_before_insert_resource` BEFORE INSERT ON `t_resource` FOR EACH ROW BEGIN
    DECLARE v_college_name VARCHAR(100);
    DECLARE v_major_name VARCHAR(100);
    DECLARE v_course_name VARCHAR(100);
    DECLARE v_category_name VARCHAR(50);

    -- 设置学院名称
    IF NEW.college_id IS NOT NULL THEN
        SELECT name INTO v_college_name
        FROM t_college
        WHERE id = NEW.college_id AND is_deleted = 0
        LIMIT 1;

        SET NEW.college_name = v_college_name;
    END IF;

    -- 设置专业名称
    IF NEW.major_id IS NOT NULL THEN
        SELECT name INTO v_major_name
        FROM t_major
        WHERE id = NEW.major_id AND is_deleted = 0
        LIMIT 1;

        SET NEW.major_name = v_major_name;
    END IF;

    -- 设置课程名称
    IF NEW.course_id IS NOT NULL THEN
        SELECT name INTO v_course_name
        FROM t_course
        WHERE id = NEW.course_id AND is_deleted = 0
        LIMIT 1;

        SET NEW.course_name = v_course_name;
    END IF;

    -- 设置分类名称
    IF NEW.category_id IS NOT NULL THEN
        SELECT name INTO v_category_name
        FROM t_category
        WHERE id = NEW.category_id AND is_deleted = 0
        LIMIT 1;

        SET NEW.category_name = v_category_name;
    END IF;
END */;;
DELIMITER ;
/*!50003 SET sql_mode              = @saved_sql_mode */ ;
/*!50003 SET character_set_client  = @saved_cs_client */ ;
/*!50003 SET character_set_results = @saved_cs_results */ ;
/*!50003 SET collation_connection  = @saved_col_connection */ ;
/*!50003 SET @saved_cs_client      = @@character_set_client */ ;
/*!50003 SET @saved_cs_results     = @@character_set_results */ ;
/*!50003 SET @saved_col_connection = @@collation_connection */ ;
/*!50003 SET character_set_client  = utf8mb4 */ ;
/*!50003 SET character_set_results = utf8mb4 */ ;
/*!50003 SET collation_connection  = utf8mb4_0900_ai_ci */ ;
/*!50003 SET @saved_sql_mode       = @@sql_mode */ ;
/*!50003 SET sql_mode              = 'ONLY_FULL_GROUP_BY,STRICT_TRANS_TABLES,NO_ZERO_IN_DATE,NO_ZERO_DATE,ERROR_FOR_DIVISION_BY_ZERO,NO_ENGINE_SUBSTITUTION' */ ;
DELIMITER ;;
/*!50003 CREATE*/ /*!50017 DEFINER=`root`@`localhost`*/ /*!50003 TRIGGER `set_names_before_update_resource` BEFORE UPDATE ON `t_resource` FOR EACH ROW BEGIN
    DECLARE v_college_name VARCHAR(100);
    DECLARE v_major_name VARCHAR(100);
    DECLARE v_course_name VARCHAR(100);
    DECLARE v_category_name VARCHAR(50);

    -- 如果学院ID改变，更新学院名称
    IF NEW.college_id <> OLD.college_id AND NEW.college_id IS NOT NULL THEN
        SELECT name INTO v_college_name
        FROM t_college
        WHERE id = NEW.college_id AND is_deleted = 0
        LIMIT 1;

        SET NEW.college_name = v_college_name;
    END IF;

    -- 如果专业ID改变，更新专业名称
    IF NEW.major_id <> OLD.major_id AND NEW.major_id IS NOT NULL THEN
        SELECT name INTO v_major_name
        FROM t_major
        WHERE id = NEW.major_id AND is_deleted = 0
        LIMIT 1;

        SET NEW.major_name = v_major_name;
    END IF;

    -- 如果课程ID改变，更新课程名称
    IF NEW.course_id <> OLD.course_id AND NEW.course_id IS NOT NULL THEN
        SELECT name INTO v_course_name
        FROM t_course
        WHERE id = NEW.course_id AND is_deleted = 0
        LIMIT 1;

        SET NEW.course_name = v_course_name;
    END IF;

    -- 如果分类ID改变，更新分类名称
    IF NEW.category_id <> OLD.category_id AND NEW.category_id IS NOT NULL THEN
        SELECT name INTO v_category_name
        FROM t_category
        WHERE id = NEW.category_id AND is_deleted = 0
        LIMIT 1;

        SET NEW.category_name = v_category_name;
    END IF;
END */;;
DELIMITER ;
/*!50003 SET sql_mode              = @saved_sql_mode */ ;
/*!50003 SET character_set_client  = @saved_cs_client */ ;
/*!50003 SET character_set_results = @saved_cs_results */ ;
/*!50003 SET collation_connection  = @saved_col_connection */ ;

--
-- Table structure for table `t_resource_comment`
--

DROP TABLE IF EXISTS `t_resource_comment`;
/*!40101 SET @saved_cs_client     = @@character_set_client */;
/*!50503 SET character_set_client = utf8mb4 */;
CREATE TABLE `t_resource_comment` (
  `id` bigint NOT NULL AUTO_INCREMENT COMMENT '评论ID',
  `resource_id` bigint NOT NULL COMMENT '资源ID',
  `user_id` bigint NOT NULL COMMENT '用户ID',
  `content` text NOT NULL COMMENT '评论内容',
  `parent_id` bigint DEFAULT NULL COMMENT '父评论ID',
  `create_time` datetime NOT NULL COMMENT '创建时间',
  `update_time` datetime NOT NULL COMMENT '更新时间',
  `is_deleted` tinyint NOT NULL DEFAULT '0' COMMENT '是否删除，0-未删除，1-已删除',
  PRIMARY KEY (`id`),
  KEY `idx_resource_id` (`resource_id`),
  KEY `idx_user_id` (`user_id`),
  KEY `idx_parent_id` (`parent_id`),
  KEY `idx_create_time` (`create_time`),
  CONSTRAINT `fk_comment_parent` FOREIGN KEY (`parent_id`) REFERENCES `t_resource_comment` (`id`),
  CONSTRAINT `fk_comment_resource` FOREIGN KEY (`resource_id`) REFERENCES `t_resource` (`id`),
  CONSTRAINT `fk_comment_user` FOREIGN KEY (`user_id`) REFERENCES `t_user` (`id`)
) ENGINE=InnoDB AUTO_INCREMENT=27 DEFAULT CHARSET=utf8mb4 COLLATE=utf8mb4_0900_ai_ci COMMENT='资源评论表';
/*!40101 SET character_set_client = @saved_cs_client */;

--
-- Dumping data for table `t_resource_comment`
--

LOCK TABLES `t_resource_comment` WRITE;
/*!40000 ALTER TABLE `t_resource_comment` DISABLE KEYS */;
INSERT INTO `t_resource_comment` VALUES (1,1,2,'笔记整理得非常详细，对期末复习很有帮助！',NULL,'2025-05-04 09:23:16','2025-05-04 09:23:16',0),(2,1,3,'公式推导讲解清晰，正是我需要的资料',NULL,'2025-05-05 13:45:28','2025-05-05 13:45:28',0),(3,1,4,'感谢分享，这份资料对我很有帮助',1,'2025-05-05 14:12:36','2025-05-05 14:12:36',0),(4,2,1,'课件内容全面，图解清晰，很适合复习使用',NULL,'2025-05-03 10:28:33','2025-05-03 10:28:33',0),(5,2,4,'这份PPT对网络协议解析很到位，特别是TCP部分',NULL,'2025-05-04 16:35:42','2025-05-04 16:35:42',0),(6,3,2,'终于找到带答案的教材了，太感谢了！',NULL,'2025-05-01 08:52:19','2025-05-01 08:52:19',0),(7,3,3,'内容很全面，但有些习题答案似乎有误',NULL,'2025-05-02 14:28:45','2025-05-02 14:28:45',0),(8,3,1,'请问第四章的习题答案在哪一页？',3,'2025-05-03 09:12:56','2025-05-03 09:12:56',0),(9,3,3,'在第186页，有完整的答案解析',1,'2025-05-03 15:34:21','2025-05-03 15:34:21',0),(10,5,4,'法学考研资料很全面，解析也很到位',NULL,'2025-05-02 11:45:23','2025-05-02 11:45:23',0),(11,1,1,'nihao',NULL,'2025-05-08 21:45:55','2025-05-08 22:36:06',1),(12,1,1,'nihao',NULL,'2025-05-08 21:46:04','2025-05-08 21:46:04',0),(13,1,1,'你好',11,'2025-05-08 21:54:53','2025-05-08 22:35:54',1),(14,1,1,'你好',11,'2025-05-08 21:55:03','2025-05-08 21:55:03',0),(15,1,1,'你好',11,'2025-05-08 21:55:39','2025-05-08 21:55:39',0),(16,1,1,'那就好',1,'2025-05-08 21:58:38','2025-05-08 21:58:38',0),(17,1,1,'你好',1,'2025-05-08 21:59:41','2025-05-09 01:59:06',1),(18,1,1,'dasdae',1,'2025-05-08 22:06:09','2025-05-08 22:06:09',0),(19,1,1,'sadas',1,'2025-05-08 22:06:21','2025-05-08 22:06:21',0),(20,1,1,'asdaf',18,'2025-05-08 22:13:55','2025-05-08 23:17:53',1),(21,1,1,'你好 啊',19,'2025-05-08 22:14:43','2025-05-08 22:28:26',0),(22,1,1,'你好啊',20,'2025-05-08 22:25:53','2025-05-12 07:52:52',0),(23,1,1,'fasaf',22,'2025-05-08 22:27:17','2025-05-11 22:54:11',1),(24,20,1,'你好',NULL,'2025-05-09 01:18:54','2025-05-09 01:19:02',1),(25,12,1,'你好',NULL,'2025-05-09 01:32:39','2025-05-11 22:54:07',1),(26,12,1,'你好',25,'2025-05-09 01:32:45','2025-05-11 23:07:26',1);
/*!40000 ALTER TABLE `t_resource_comment` ENABLE KEYS */;
UNLOCK TABLES;

--
-- Table structure for table `t_resource_request`
--

DROP TABLE IF EXISTS `t_resource_request`;
/*!40101 SET @saved_cs_client     = @@character_set_client */;
/*!50503 SET character_set_client = utf8mb4 */;
CREATE TABLE `t_resource_request` (
  `id` bigint NOT NULL AUTO_INCREMENT COMMENT '求助ID',
  `title` varchar(100) NOT NULL COMMENT '求助标题',
  `content` text NOT NULL COMMENT '求助内容',
  `user_id` bigint NOT NULL COMMENT '用户ID',
  `college_id` bigint DEFAULT NULL COMMENT '学院ID',
  `college_name` varchar(100) DEFAULT NULL COMMENT '学院名称',
  `major_id` bigint DEFAULT NULL COMMENT '专业ID',
  `major_name` varchar(100) DEFAULT NULL COMMENT '专业名称',
  `course_id` bigint DEFAULT NULL COMMENT '课程ID',
  `course_name` varchar(100) DEFAULT NULL COMMENT '课程名称',
  `category_id` bigint DEFAULT NULL COMMENT '分类ID',
  `category_name` varchar(50) DEFAULT NULL COMMENT '分类名称',
  `status` tinyint NOT NULL DEFAULT '0' COMMENT '状态，0-未解决，1-已解决',
  `reply_count` int NOT NULL DEFAULT '0' COMMENT '回复数量',
  `view_count` int NOT NULL DEFAULT '0' COMMENT '浏览数量',
  `create_time` datetime NOT NULL COMMENT '创建时间',
  `update_time` datetime NOT NULL COMMENT '更新时间',
  `is_deleted` tinyint NOT NULL DEFAULT '0' COMMENT '是否删除，0-未删除，1-已删除',
  PRIMARY KEY (`id`),
  KEY `idx_user_id` (`user_id`),
  KEY `idx_college_id` (`college_id`),
  KEY `idx_major_id` (`major_id`),
  KEY `idx_course_id` (`course_id`),
  KEY `idx_create_time` (`create_time`),
  KEY `idx_status` (`status`),
  KEY `idx_category_id` (`category_id`),
  FULLTEXT KEY `ft_title_content` (`title`,`content`),
  CONSTRAINT `fk_request_category` FOREIGN KEY (`category_id`) REFERENCES `t_category` (`id`),
  CONSTRAINT `fk_request_college` FOREIGN KEY (`college_id`) REFERENCES `t_college` (`id`),
  CONSTRAINT `fk_request_course` FOREIGN KEY (`course_id`) REFERENCES `t_course` (`id`),
  CONSTRAINT `fk_request_major` FOREIGN KEY (`major_id`) REFERENCES `t_major` (`id`),
  CONSTRAINT `fk_request_user` FOREIGN KEY (`user_id`) REFERENCES `t_user` (`id`)
) ENGINE=InnoDB AUTO_INCREMENT=13 DEFAULT CHARSET=utf8mb4 COLLATE=utf8mb4_0900_ai_ci COMMENT='资源求助表';
/*!40101 SET character_set_client = @saved_cs_client */;

--
-- Dumping data for table `t_resource_request`
--

LOCK TABLES `t_resource_request` WRITE;
/*!40000 ALTER TABLE `t_resource_request` DISABLE KEYS */;
INSERT INTO `t_resource_request` VALUES (1,'求金融工程学期末复习资料','即将期末考试，需要金融工程学科的复习资料，最好有往年试题',2,1733,'金融学院',5388,'金融工程',NULL,NULL,1,'学习笔记',0,2,59,'2025-05-04 15:28:36','2025-05-04 15:28:36',0),(2,'寻找审计学案例分析资料','准备审计学案例分析课程作业，需要相关行业案例和分析方法资料',3,1738,'社会审计学院',5405,'审计学（ACCA方向）',NULL,NULL,1,'学习笔记',1,10,128,'2025-05-02 09:15:44','2025-05-06 14:23:18',0),(3,'求计算机网络实验指导书','需要计算机网络课程实验指导书和相关实验报告模板',4,1744,'计算机学院/智能审计学院',5419,'计算机科学与技术（计算机审计方向）',NULL,NULL,1,'学习笔记',0,1,46,'2025-05-05 13:42:28','2025-05-05 13:42:28',0),(4,'寻找法学考研真题与解析','准备法学考研，需要近五年真题及详细解析，感谢分享',2,1729,'法学院',5370,'法学（法务会计方向）',NULL,NULL,1,'学习笔记',1,2,123,'2025-04-29 10:23:41','2025-05-06 09:28:15',0),(5,'求统计学实验数据集','统计学课程需要做实验，寻找合适的数据集和处理方法说明',1,1743,'统计与数据科学学院',5417,'统计学',NULL,NULL,1,'学习笔记',0,0,80,'2025-05-06 14:35:26','2025-05-06 14:35:26',0),(6,'test','testtesttest',1,1730,'外国语学院',5373,'英语（涉外审计）',NULL,NULL,1,'学习笔记',0,1,3,'2025-05-09 03:59:47','2025-05-09 15:06:39',1),(7,'afeaf','efafeafagaegaeg',1,1729,'法学院',5369,'法学',NULL,NULL,1,'学习笔记',0,0,4,'2025-05-09 16:02:24','2025-05-09 16:02:24',0),(8,'faefea','feafeafeafeafeafea',1,1730,'外国语学院',5373,'英语（涉外审计）',NULL,NULL,NULL,NULL,0,0,1,'2025-05-09 16:26:46','2025-05-09 16:26:46',0),(9,'efaeagaeg','efaeagaegefaeagaeg',1,1729,'法学院',5370,'法学（法务会计方向）',NULL,NULL,1,'学习笔记',0,0,3,'2025-05-09 16:29:02','2025-05-09 16:29:02',0),(10,'asfafagag','asfafagagasfafagag',1,1729,'法学院',5369,'法学',NULL,NULL,1,'学习笔记',0,0,2,'2025-05-09 16:31:09','2025-05-09 16:31:09',0),(11,'sasfafafafe','sasfafafafeava',1,1732,'经济学院',5380,'贸易经济',3,'Internal Auditing(IAEP)',1,'高等数学期末复习笔记',0,0,15,'2025-05-09 16:34:56','2025-05-09 16:56:27',0),(12,'内部审计学PPT','快给我快给我快给我快给我',1,1737,'内部审计学院',19150,'内部审计（内部审计方向）',27,'内部审计学',2,'计算机网络原理PPT',0,0,4,'2025-05-09 20:49:10','2025-05-12 07:58:18',0);
/*!40000 ALTER TABLE `t_resource_request` ENABLE KEYS */;
UNLOCK TABLES;
/*!50003 SET @saved_cs_client      = @@character_set_client */ ;
/*!50003 SET @saved_cs_results     = @@character_set_results */ ;
/*!50003 SET @saved_col_connection = @@collation_connection */ ;
/*!50003 SET character_set_client  = utf8mb4 */ ;
/*!50003 SET character_set_results = utf8mb4 */ ;
/*!50003 SET collation_connection  = utf8mb4_0900_ai_ci */ ;
/*!50003 SET @saved_sql_mode       = @@sql_mode */ ;
/*!50003 SET sql_mode              = 'ONLY_FULL_GROUP_BY,STRICT_TRANS_TABLES,NO_ZERO_IN_DATE,NO_ZERO_DATE,ERROR_FOR_DIVISION_BY_ZERO,NO_ENGINE_SUBSTITUTION' */ ;
DELIMITER ;;
/*!50003 CREATE*/ /*!50017 DEFINER=`root`@`localhost`*/ /*!50003 TRIGGER `set_names_before_insert_resource_request` BEFORE INSERT ON `t_resource_request` FOR EACH ROW BEGIN
    DECLARE v_college_name VARCHAR(100);
    DECLARE v_major_name VARCHAR(100);
    DECLARE v_course_name VARCHAR(100);

    -- 设置学院名称
    IF NEW.college_id IS NOT NULL THEN
        SELECT name INTO v_college_name
        FROM t_college
        WHERE id = NEW.college_id AND is_deleted = 0
        LIMIT 1;

        SET NEW.college_name = v_college_name;
    END IF;

    -- 设置专业名称
    IF NEW.major_id IS NOT NULL THEN
        SELECT name INTO v_major_name
        FROM t_major
        WHERE id = NEW.major_id AND is_deleted = 0
        LIMIT 1;

        SET NEW.major_name = v_major_name;
    END IF;

    -- 设置课程名称
    IF NEW.course_id IS NOT NULL THEN
        SELECT name INTO v_course_name
        FROM t_course
        WHERE id = NEW.course_id AND is_deleted = 0
        LIMIT 1;

        SET NEW.course_name = v_course_name;
    END IF;
END */;;
DELIMITER ;
/*!50003 SET sql_mode              = @saved_sql_mode */ ;
/*!50003 SET character_set_client  = @saved_cs_client */ ;
/*!50003 SET character_set_results = @saved_cs_results */ ;
/*!50003 SET collation_connection  = @saved_col_connection */ ;
/*!50003 SET @saved_cs_client      = @@character_set_client */ ;
/*!50003 SET @saved_cs_results     = @@character_set_results */ ;
/*!50003 SET @saved_col_connection = @@collation_connection */ ;
/*!50003 SET character_set_client  = utf8mb4 */ ;
/*!50003 SET character_set_results = utf8mb4 */ ;
/*!50003 SET collation_connection  = utf8mb4_0900_ai_ci */ ;
/*!50003 SET @saved_sql_mode       = @@sql_mode */ ;
/*!50003 SET sql_mode              = 'ONLY_FULL_GROUP_BY,STRICT_TRANS_TABLES,NO_ZERO_IN_DATE,NO_ZERO_DATE,ERROR_FOR_DIVISION_BY_ZERO,NO_ENGINE_SUBSTITUTION' */ ;
DELIMITER ;;
/*!50003 CREATE*/ /*!50017 DEFINER=`root`@`localhost`*/ /*!50003 TRIGGER `set_category_name_before_insert_resource_request` BEFORE INSERT ON `t_resource_request` FOR EACH ROW BEGIN
    DECLARE v_category_name VARCHAR(50);

    -- 设置分类名称
    IF NEW.category_id IS NOT NULL THEN
        SELECT name INTO v_category_name
        FROM t_category
        WHERE id = NEW.category_id AND is_deleted = 0
        LIMIT 1;

        SET NEW.category_name = v_category_name;
    END IF;
END */;;
DELIMITER ;
/*!50003 SET sql_mode              = @saved_sql_mode */ ;
/*!50003 SET character_set_client  = @saved_cs_client */ ;
/*!50003 SET character_set_results = @saved_cs_results */ ;
/*!50003 SET collation_connection  = @saved_col_connection */ ;
/*!50003 SET @saved_cs_client      = @@character_set_client */ ;
/*!50003 SET @saved_cs_results     = @@character_set_results */ ;
/*!50003 SET @saved_col_connection = @@collation_connection */ ;
/*!50003 SET character_set_client  = utf8mb4 */ ;
/*!50003 SET character_set_results = utf8mb4 */ ;
/*!50003 SET collation_connection  = utf8mb4_0900_ai_ci */ ;
/*!50003 SET @saved_sql_mode       = @@sql_mode */ ;
/*!50003 SET sql_mode              = 'ONLY_FULL_GROUP_BY,STRICT_TRANS_TABLES,NO_ZERO_IN_DATE,NO_ZERO_DATE,ERROR_FOR_DIVISION_BY_ZERO,NO_ENGINE_SUBSTITUTION' */ ;
DELIMITER ;;
/*!50003 CREATE*/ /*!50017 DEFINER=`root`@`localhost`*/ /*!50003 TRIGGER `set_names_before_update_resource_request` BEFORE UPDATE ON `t_resource_request` FOR EACH ROW BEGIN
    DECLARE v_college_name VARCHAR(100);
    DECLARE v_major_name VARCHAR(100);
    DECLARE v_course_name VARCHAR(100);

    -- 如果学院ID改变，更新学院名称
    IF NEW.college_id <> OLD.college_id AND NEW.college_id IS NOT NULL THEN
        SELECT name INTO v_college_name
        FROM t_college
        WHERE id = NEW.college_id AND is_deleted = 0
        LIMIT 1;

        SET NEW.college_name = v_college_name;
    END IF;

    -- 如果专业ID改变，更新专业名称
    IF NEW.major_id <> OLD.major_id AND NEW.major_id IS NOT NULL THEN
        SELECT name INTO v_major_name
        FROM t_major
        WHERE id = NEW.major_id AND is_deleted = 0
        LIMIT 1;

        SET NEW.major_name = v_major_name;
    END IF;

    -- 如果课程ID改变，更新课程名称
    IF NEW.course_id <> OLD.course_id AND NEW.course_id IS NOT NULL THEN
        SELECT name INTO v_course_name
        FROM t_course
        WHERE id = NEW.course_id AND is_deleted = 0
        LIMIT 1;

        SET NEW.course_name = v_course_name;
    END IF;
END */;;
DELIMITER ;
/*!50003 SET sql_mode              = @saved_sql_mode */ ;
/*!50003 SET character_set_client  = @saved_cs_client */ ;
/*!50003 SET character_set_results = @saved_cs_results */ ;
/*!50003 SET collation_connection  = @saved_col_connection */ ;

--
-- Table structure for table `t_resource_request_reply`
--

DROP TABLE IF EXISTS `t_resource_request_reply`;
/*!40101 SET @saved_cs_client     = @@character_set_client */;
/*!50503 SET character_set_client = utf8mb4 */;
CREATE TABLE `t_resource_request_reply` (
  `id` bigint NOT NULL AUTO_INCREMENT COMMENT '回复ID',
  `request_id` bigint NOT NULL COMMENT '求助ID',
  `user_id` bigint NOT NULL COMMENT '用户ID',
  `content` text NOT NULL COMMENT '回复内容',
  `resource_id` bigint DEFAULT NULL COMMENT '关联资源ID',
  `parent_id` bigint DEFAULT NULL COMMENT '父回复ID',
  `create_time` datetime NOT NULL COMMENT '创建时间',
  `update_time` datetime NOT NULL COMMENT '更新时间',
  `is_deleted` tinyint NOT NULL DEFAULT '0' COMMENT '是否删除，0-未删除，1-已删除',
  PRIMARY KEY (`id`),
  KEY `idx_request_id` (`request_id`),
  KEY `idx_user_id` (`user_id`),
  KEY `idx_resource_id` (`resource_id`),
  KEY `idx_create_time` (`create_time`),
  KEY `idx_parent_id` (`parent_id`),
  CONSTRAINT `fk_reply_parent` FOREIGN KEY (`parent_id`) REFERENCES `t_resource_request_reply` (`id`),
  CONSTRAINT `fk_reply_request` FOREIGN KEY (`request_id`) REFERENCES `t_resource_request` (`id`),
  CONSTRAINT `fk_reply_resource` FOREIGN KEY (`resource_id`) REFERENCES `t_resource` (`id`),
  CONSTRAINT `fk_reply_user` FOREIGN KEY (`user_id`) REFERENCES `t_user` (`id`)
) ENGINE=InnoDB AUTO_INCREMENT=28 DEFAULT CHARSET=utf8mb4 COLLATE=utf8mb4_0900_ai_ci COMMENT='资源求助回复表';
/*!40101 SET character_set_client = @saved_cs_client */;

--
-- Dumping data for table `t_resource_request_reply`
--

LOCK TABLES `t_resource_request_reply` WRITE;
/*!40000 ALTER TABLE `t_resource_request_reply` DISABLE KEYS */;
INSERT INTO `t_resource_request_reply` VALUES (1,1,3,'我有去年的期末试卷和复习资料，已私信发给你',NULL,NULL,'2025-05-04 16:35:28','2025-05-04 16:35:28',0),(2,1,1,'可以看看我上传的这份金融衍生品分析资料，对你应该有帮助',4,NULL,'2025-05-05 09:12:45','2025-05-05 09:12:45',0),(3,2,4,'我上传了一份审计学原理教材，里面有很多案例分析',3,NULL,'2025-05-02 14:28:35','2025-05-02 14:28:35',0),(4,2,1,'我有一些ACCA的案例分析资料，已经发到你邮箱了',NULL,NULL,'2025-05-03 10:45:23','2025-05-09 02:30:49',1),(5,2,2,'学院网站上有案例库，你可以去看看，很全面',NULL,12,'2025-05-04 15:32:19','2025-05-04 15:32:19',0),(6,3,1,'我上传了计算机网络课件，里面有实验相关内容',2,NULL,'2025-05-05 16:43:28','2025-05-05 16:43:28',0),(7,4,3,'我正好有法学考研真题，已分享给你了',5,NULL,'2025-04-30 09:26:38','2025-04-30 09:26:38',0),(8,4,1,'法学院资料室有历年真题，你可以去借阅查看',NULL,NULL,'2025-05-01 14:25:36','2025-05-01 14:25:36',0),(9,1,2,'谢谢分享，这些资料对我复习很有帮助！',NULL,5,'2025-05-05 10:28:45','2025-05-05 10:28:45',0),(10,1,3,'有关金融衍生品分析有没有更详细的例题？',NULL,2,'2025-05-05 14:35:12','2025-05-05 14:35:12',0),(11,2,3,'这个教材中的审计案例很全面，非常感谢',NULL,3,'2025-05-03 08:42:15','2025-05-03 08:42:15',0),(12,2,1,'ACCA资料中的风险评估部分在哪个章节？',NULL,4,'2025-05-03 16:42:15','2025-05-09 02:30:16',1),(13,3,4,'正是我需要的网络实验内容，谢谢！',NULL,6,'2025-05-06 09:15:27','2025-05-06 09:15:27',0),(14,4,2,'已收到法学考研资料，非常感谢分享！',NULL,7,'2025-05-01 10:18:32','2025-05-01 10:18:32',0),(15,2,1,'sa',NULL,NULL,'2025-05-09 02:14:39','2025-05-09 02:14:50',1),(16,2,1,'dadas',NULL,NULL,'2025-05-09 02:20:18','2025-05-09 02:20:18',0),(17,2,1,'sdafa',NULL,16,'2025-05-09 02:20:27','2025-05-09 02:36:43',1),(18,2,1,'发',NULL,12,'2025-05-09 02:27:04','2025-05-09 02:27:04',0),(19,2,1,'撒',NULL,18,'2025-05-09 02:30:10','2025-05-09 02:35:28',1),(20,2,1,'daed',NULL,17,'2025-05-09 02:36:38','2025-05-09 02:36:38',0),(21,2,1,'afae',NULL,NULL,'2025-05-09 02:39:42','2025-05-09 02:39:42',0),(22,2,1,'faef',NULL,NULL,'2025-05-09 02:39:48','2025-05-09 02:39:48',0),(23,2,1,'大撒发',NULL,NULL,'2025-05-09 02:41:00','2025-05-09 02:44:06',1),(24,2,1,'发恶恶风',NULL,21,'2025-05-09 02:41:05','2025-05-09 02:41:12',1),(25,2,1,'分啊饿啊我',NULL,24,'2025-05-09 02:41:09','2025-05-09 02:41:09',0),(26,2,1,'发恶阿飞',NULL,23,'2025-05-09 02:43:07','2025-05-09 02:43:07',0),(27,6,1,'da',NULL,NULL,'2025-05-09 04:00:05','2025-05-12 08:07:53',0);
/*!40000 ALTER TABLE `t_resource_request_reply` ENABLE KEYS */;
UNLOCK TABLES;

--
-- Table structure for table `t_role`
--

DROP TABLE IF EXISTS `t_role`;
/*!40101 SET @saved_cs_client     = @@character_set_client */;
/*!50503 SET character_set_client = utf8mb4 */;
CREATE TABLE `t_role` (
  `id` bigint NOT NULL AUTO_INCREMENT COMMENT '角色ID',
  `name` varchar(50) NOT NULL COMMENT '角色名称',
  `code` varchar(50) NOT NULL COMMENT '角色编码',
  `description` varchar(255) DEFAULT NULL COMMENT '角色描述',
  `sort` int DEFAULT '0' COMMENT '排序',
  `status` tinyint NOT NULL DEFAULT '1' COMMENT '状态：0-禁用，1-启用',
  `create_time` datetime NOT NULL COMMENT '创建时间',
  `update_time` datetime NOT NULL COMMENT '更新时间',
  `is_deleted` tinyint NOT NULL DEFAULT '0' COMMENT '是否删除，0-未删除，1-已删除',
  PRIMARY KEY (`id`),
  UNIQUE KEY `uk_role_code` (`code`)
) ENGINE=InnoDB AUTO_INCREMENT=6 DEFAULT CHARSET=utf8mb4 COLLATE=utf8mb4_0900_ai_ci COMMENT='角色表';
/*!40101 SET character_set_client = @saved_cs_client */;

--
-- Dumping data for table `t_role`
--

LOCK TABLES `t_role` WRITE;
/*!40000 ALTER TABLE `t_role` DISABLE KEYS */;
INSERT INTO `t_role` VALUES (1,'超级管理员','ROLE_SUPER_ADMIN','系统超级管理员，拥有所有权限',1,1,'2025-05-09 18:13:27','2025-05-09 18:13:27',0),(2,'管理员','ROLE_ADMIN','系统管理员，拥有管理权限',2,1,'2025-05-09 18:13:27','2025-05-09 18:13:27',0),(3,'内容管理员','ROLE_CONTENT_ADMIN','负责内容管理',3,1,'2025-05-09 18:13:27','2025-05-09 18:13:27',0),(4,'审核员','ROLE_AUDITOR','负责资源审核',4,1,'2025-05-09 18:13:27','2025-05-09 18:13:27',0),(5,'普通用户','ROLE_USER','普通用户',5,1,'2025-05-09 18:13:27','2025-05-09 18:13:27',0);
/*!40000 ALTER TABLE `t_role` ENABLE KEYS */;
UNLOCK TABLES;

--
-- Table structure for table `t_role_permission`
--

DROP TABLE IF EXISTS `t_role_permission`;
/*!40101 SET @saved_cs_client     = @@character_set_client */;
/*!50503 SET character_set_client = utf8mb4 */;
CREATE TABLE `t_role_permission` (
  `id` bigint NOT NULL AUTO_INCREMENT COMMENT 'ID',
  `role_id` bigint NOT NULL COMMENT '角色ID',
  `permission_id` bigint NOT NULL COMMENT '权限ID',
  `create_time` datetime NOT NULL COMMENT '创建时间',
  PRIMARY KEY (`id`),
  UNIQUE KEY `uk_role_permission` (`role_id`,`permission_id`),
  KEY `idx_permission_id` (`permission_id`),
  CONSTRAINT `fk_rp_permission` FOREIGN KEY (`permission_id`) REFERENCES `t_permission` (`id`),
  CONSTRAINT `fk_rp_role` FOREIGN KEY (`role_id`) REFERENCES `t_role` (`id`)
) ENGINE=InnoDB AUTO_INCREMENT=65 DEFAULT CHARSET=utf8mb4 COLLATE=utf8mb4_0900_ai_ci COMMENT='角色-权限关联表';
/*!40101 SET character_set_client = @saved_cs_client */;

--
-- Dumping data for table `t_role_permission`
--

LOCK TABLES `t_role_permission` WRITE;
/*!40000 ALTER TABLE `t_role_permission` DISABLE KEYS */;
INSERT INTO `t_role_permission` VALUES (1,1,1,'2025-05-09 18:13:28'),(2,1,2,'2025-05-09 18:13:28'),(3,1,3,'2025-05-09 18:13:28'),(4,1,4,'2025-05-09 18:13:28'),(5,1,101,'2025-05-09 18:13:28'),(6,1,102,'2025-05-09 18:13:28'),(7,1,103,'2025-05-09 18:13:28'),(8,1,104,'2025-05-09 18:13:28'),(9,1,201,'2025-05-09 18:13:28'),(10,1,202,'2025-05-09 18:13:28'),(11,1,203,'2025-05-09 18:13:28'),(12,1,204,'2025-05-09 18:13:28'),(13,1,301,'2025-05-09 18:13:28'),(14,1,302,'2025-05-09 18:13:28'),(15,1,401,'2025-05-09 18:13:28'),(16,1,402,'2025-05-09 18:13:28'),(17,1,403,'2025-05-09 18:13:28'),(18,1,10101,'2025-05-09 18:13:28'),(19,1,10102,'2025-05-09 18:13:28'),(20,1,10103,'2025-05-09 18:13:28'),(21,1,10104,'2025-05-09 18:13:28'),(22,1,10105,'2025-05-09 18:13:28'),(23,1,10201,'2025-05-09 18:13:28'),(24,1,10202,'2025-05-09 18:13:28'),(25,1,10203,'2025-05-09 18:13:28'),(26,1,10204,'2025-05-09 18:13:28'),(27,1,10205,'2025-05-09 18:13:28'),(28,1,20101,'2025-05-09 18:13:28'),(29,1,20102,'2025-05-09 18:13:28'),(30,1,20103,'2025-05-09 18:13:28'),(31,1,20104,'2025-05-09 18:13:28'),(32,2,103,'2025-05-09 18:13:28'),(33,2,104,'2025-05-09 18:13:28'),(34,2,201,'2025-05-09 18:13:28'),(35,2,202,'2025-05-09 18:13:28'),(36,2,203,'2025-05-09 18:13:28'),(37,2,204,'2025-05-09 18:13:28'),(38,2,301,'2025-05-09 18:13:28'),(39,2,302,'2025-05-09 18:13:28'),(40,2,401,'2025-05-09 18:13:28'),(41,2,402,'2025-05-09 18:13:28'),(42,2,403,'2025-05-09 18:13:28'),(43,2,20101,'2025-05-09 18:13:28'),(44,2,20102,'2025-05-09 18:13:28'),(45,2,20103,'2025-05-09 18:13:28'),(46,2,20104,'2025-05-09 18:13:28'),(47,3,2,'2025-05-09 18:13:28'),(48,3,201,'2025-05-09 18:13:28'),(49,3,202,'2025-05-09 18:13:28'),(50,3,203,'2025-05-09 18:13:28'),(51,3,204,'2025-05-09 18:13:28'),(52,3,20101,'2025-05-09 18:13:28'),(53,3,20102,'2025-05-09 18:13:28'),(54,3,20103,'2025-05-09 18:13:28'),(55,3,20104,'2025-05-09 18:13:28'),(62,4,3,'2025-05-09 18:13:28'),(63,4,301,'2025-05-09 18:13:28'),(64,4,302,'2025-05-09 18:13:28');
/*!40000 ALTER TABLE `t_role_permission` ENABLE KEYS */;
UNLOCK TABLES;

--
-- Table structure for table `t_user`
--

DROP TABLE IF EXISTS `t_user`;
/*!40101 SET @saved_cs_client     = @@character_set_client */;
/*!50503 SET character_set_client = utf8mb4 */;
CREATE TABLE `t_user` (
  `id` bigint NOT NULL AUTO_INCREMENT COMMENT '用户ID',
  `username` varchar(50) NOT NULL COMMENT '用户名',
  `real_name` varchar(50) DEFAULT NULL COMMENT '真实姓名',
  `student_id` varchar(50) DEFAULT NULL COMMENT '学号',
  `password` varchar(255) NOT NULL COMMENT '密码',
  `phone` varchar(20) DEFAULT NULL COMMENT '手机号',
  `email` varchar(100) DEFAULT NULL COMMENT '邮箱',
  `avatar` varchar(255) DEFAULT NULL COMMENT '头像URL',
  `college_id` bigint DEFAULT NULL COMMENT '学院ID',
  `college_name` varchar(100) DEFAULT NULL COMMENT '学院名称',
  `major_id` bigint DEFAULT NULL COMMENT '专业ID',
  `major_name` varchar(100) DEFAULT NULL COMMENT '专业名称',
  `role` tinyint NOT NULL DEFAULT '0' COMMENT '角色，0-普通用户，1-管理员',
  `status` tinyint NOT NULL DEFAULT '1' COMMENT '状态，0-禁用，1-启用',
  `create_time` datetime NOT NULL COMMENT '创建时间',
  `update_time` datetime NOT NULL COMMENT '更新时间',
  `is_deleted` tinyint NOT NULL DEFAULT '0' COMMENT '是否删除，0-未删除，1-已删除',
  PRIMARY KEY (`id`),
  UNIQUE KEY `uk_username` (`username`),
  UNIQUE KEY `uk_student_id` (`student_id`),
  UNIQUE KEY `uk_phone` (`phone`),
  UNIQUE KEY `uk_email` (`email`),
  KEY `idx_college_id` (`college_id`),
  KEY `idx_major_id` (`major_id`),
  KEY `idx_create_time` (`create_time`)
) ENGINE=InnoDB AUTO_INCREMENT=10 DEFAULT CHARSET=utf8mb4 COLLATE=utf8mb4_0900_ai_ci COMMENT='用户表';
/*!40101 SET character_set_client = @saved_cs_client */;

--
-- Dumping data for table `t_user`
--

LOCK TABLES `t_user` WRITE;
/*!40000 ALTER TABLE `t_user` DISABLE KEYS */;
INSERT INTO `t_user` VALUES (1,'admin','管理员','admin','$2a$10$nkwgVNiRv0sYrvInHWlXG.3rgqzbBh3iJmK3mUdMdrpGOU0XNlVy.','13800000000','1957689514@qq.com','https://big-event20040810.oss-cn-beijing.aliyuncs.com/avatars/admin/20250507/dc1eab8999c644d3ad2fa793b31fbb98.jpg',1744,'计算机学院/智能审计学院',5420,'软件工程（区块链审计方向）',1,1,'2025-05-05 22:45:21','2025-05-08 19:47:09',0),(2,'student','测试学生','2023001','$2a$10$SQ5aSoOzkWQPKgx1Zk5CYeq7pHMm6mZEnlU1.cELcvtI5.7cQmTn.','13900000000','student@example.com','https://big-event20040810.oss-cn-beijing.aliyuncs.com/avatar/default.png',1744,'计算机学院/智能审计学院',5420,'软件工程（区块链审计方向）',0,1,'2025-05-05 22:45:22','2025-05-05 22:45:22',0),(3,'testadmin','测试管理员','testadmin','$2a$10$SQ5aSoOzkWQPKgx1Zk5CYeq7pHMm6mZEnlU1.cELcvtI5.7cQmTn.','13811111111','testadmin@example.com','https://big-event20040810.oss-cn-beijing.aliyuncs.com/avatar/default.png',1744,'计算机学院/智能审计学院',5420,'软件工程（区块链审计方向）',1,1,'2025-05-06 19:43:26','2025-05-06 19:43:26',0),(4,'auroral','俞云烽','222090140','$2a$10$2jmUCL20wNsfBMJOU9q0q.TsejV4fBoabt82CLivN9Wb1YcmHqoMO','15968588744','15968581744@163.com','https://big-event20040810.oss-cn-beijing.aliyuncs.com/avatar/default.png',1744,'计算机学院/智能审计学院',5420,'软件工程（区块链审计方向）',0,1,'2025-05-06 20:58:17','2025-05-06 20:58:17',0);
/*!40000 ALTER TABLE `t_user` ENABLE KEYS */;
UNLOCK TABLES;

--
-- Table structure for table `t_user_collection`
--

DROP TABLE IF EXISTS `t_user_collection`;
/*!40101 SET @saved_cs_client     = @@character_set_client */;
/*!50503 SET character_set_client = utf8mb4 */;
CREATE TABLE `t_user_collection` (
  `id` bigint NOT NULL AUTO_INCREMENT COMMENT '收藏ID',
  `user_id` bigint NOT NULL COMMENT '用户ID',
  `resource_id` bigint NOT NULL COMMENT '资源ID',
  `create_time` datetime NOT NULL COMMENT '创建时间',
  `is_deleted` tinyint NOT NULL DEFAULT '0' COMMENT '是否删除，0-未删除，1-已删除',
  PRIMARY KEY (`id`),
  UNIQUE KEY `uk_user_resource` (`user_id`,`resource_id`),
  KEY `idx_user_id` (`user_id`),
  KEY `idx_resource_id` (`resource_id`),
  CONSTRAINT `fk_collection_resource` FOREIGN KEY (`resource_id`) REFERENCES `t_resource` (`id`),
  CONSTRAINT `fk_collection_user` FOREIGN KEY (`user_id`) REFERENCES `t_user` (`id`)
) ENGINE=InnoDB AUTO_INCREMENT=13 DEFAULT CHARSET=utf8mb4 COLLATE=utf8mb4_0900_ai_ci COMMENT='用户收藏表';
/*!40101 SET character_set_client = @saved_cs_client */;

--
-- Dumping data for table `t_user_collection`
--

LOCK TABLES `t_user_collection` WRITE;
/*!40000 ALTER TABLE `t_user_collection` DISABLE KEYS */;
INSERT INTO `t_user_collection` VALUES (1,1,1,'2025-05-08 12:58:00',1),(6,1,2,'2025-05-08 18:59:36',1),(7,1,3,'2025-05-08 18:59:36',0),(8,1,4,'2025-05-08 19:24:06',1),(9,1,5,'2025-05-08 19:24:06',0),(10,1,20,'2025-05-09 01:13:32',0),(11,1,17,'2025-05-09 01:13:41',1),(12,1,12,'2025-05-09 01:13:41',1);
/*!40000 ALTER TABLE `t_user_collection` ENABLE KEYS */;
UNLOCK TABLES;

--
-- Table structure for table `t_user_download`
--

DROP TABLE IF EXISTS `t_user_download`;
/*!40101 SET @saved_cs_client     = @@character_set_client */;
/*!50503 SET character_set_client = utf8mb4 */;
CREATE TABLE `t_user_download` (
  `id` bigint NOT NULL AUTO_INCREMENT COMMENT '下载ID',
  `user_id` bigint NOT NULL COMMENT '用户ID',
  `resource_id` bigint NOT NULL COMMENT '资源ID',
  `create_time` datetime NOT NULL COMMENT '创建时间',
  PRIMARY KEY (`id`),
  KEY `idx_user_id` (`user_id`),
  KEY `idx_resource_id` (`resource_id`),
  KEY `idx_create_time` (`create_time`),
  CONSTRAINT `fk_download_resource` FOREIGN KEY (`resource_id`) REFERENCES `t_resource` (`id`),
  CONSTRAINT `fk_download_user` FOREIGN KEY (`user_id`) REFERENCES `t_user` (`id`)
) ENGINE=InnoDB AUTO_INCREMENT=57 DEFAULT CHARSET=utf8mb4 COLLATE=utf8mb4_0900_ai_ci COMMENT='用户下载表';
/*!40101 SET character_set_client = @saved_cs_client */;

--
-- Dumping data for table `t_user_download`
--

LOCK TABLES `t_user_download` WRITE;
/*!40000 ALTER TABLE `t_user_download` DISABLE KEYS */;
INSERT INTO `t_user_download` VALUES (1,1,1,'2025-05-08 12:32:24'),(2,1,1,'2025-05-08 12:33:02'),(3,1,1,'2025-05-08 12:36:53'),(4,1,4,'2025-05-08 12:37:20'),(5,1,1,'2025-05-08 12:37:21'),(6,1,1,'2025-05-08 14:55:28'),(7,1,1,'2025-05-08 15:17:14'),(8,1,1,'2025-05-08 17:40:08'),(9,1,1,'2025-05-08 17:40:11'),(10,1,1,'2025-05-08 17:40:21'),(11,1,1,'2025-05-08 17:40:32'),(12,1,1,'2025-05-08 17:45:21'),(13,1,1,'2025-05-08 17:46:44'),(14,1,3,'2025-05-08 17:49:55'),(15,1,4,'2025-05-08 17:50:08'),(16,1,1,'2025-05-08 17:50:09'),(17,1,4,'2025-05-08 17:50:11'),(18,1,1,'2025-05-08 17:50:12'),(19,1,1,'2025-05-08 17:53:05'),(20,1,1,'2025-05-08 18:11:50'),(21,1,1,'2025-05-08 18:17:27'),(22,1,4,'2025-05-08 19:24:24'),(23,1,1,'2025-05-08 19:24:24'),(24,1,2,'2025-05-08 19:24:24'),(25,1,3,'2025-05-08 19:24:25'),(26,1,5,'2025-05-08 19:24:25'),(27,1,4,'2025-05-08 19:24:37'),(28,1,1,'2025-05-08 19:24:38'),(29,1,2,'2025-05-08 19:24:38'),(30,1,3,'2025-05-08 19:24:39'),(31,1,5,'2025-05-08 19:24:39'),(32,1,1,'2025-05-08 21:34:10'),(33,1,9,'2025-05-09 00:08:25'),(34,1,9,'2025-05-09 00:08:38'),(35,1,13,'2025-05-09 00:11:23'),(36,1,18,'2025-05-09 00:11:26'),(37,1,4,'2025-05-09 00:11:28'),(38,1,17,'2025-05-09 00:11:28'),(39,1,1,'2025-05-09 00:11:32'),(40,1,9,'2025-05-09 00:11:33'),(41,1,1,'2025-05-09 00:11:44'),(42,1,12,'2025-05-09 00:11:48'),(43,1,14,'2025-05-09 00:11:49'),(44,1,19,'2025-05-09 00:11:55'),(45,1,15,'2025-05-09 00:11:58'),(46,1,8,'2025-05-09 00:12:01'),(47,1,14,'2025-05-09 00:12:20'),(48,1,18,'2025-05-09 00:12:20'),(51,1,17,'2025-05-09 00:12:21'),(52,1,9,'2025-05-09 00:12:21'),(53,1,1,'2025-05-09 00:12:21'),(55,1,5,'2025-05-09 19:47:47'),(56,1,2,'2025-05-12 09:06:18');
/*!40000 ALTER TABLE `t_user_download` ENABLE KEYS */;
UNLOCK TABLES;

--
-- Table structure for table `t_user_like`
--

DROP TABLE IF EXISTS `t_user_like`;
/*!40101 SET @saved_cs_client     = @@character_set_client */;
/*!50503 SET character_set_client = utf8mb4 */;
CREATE TABLE `t_user_like` (
  `id` bigint NOT NULL AUTO_INCREMENT COMMENT '点赞ID',
  `user_id` bigint NOT NULL COMMENT '用户ID',
  `resource_id` bigint NOT NULL COMMENT '资源ID',
  `create_time` datetime NOT NULL COMMENT '创建时间',
  `is_deleted` tinyint NOT NULL DEFAULT '0' COMMENT '是否删除，0-未删除，1-已删除',
  PRIMARY KEY (`id`),
  UNIQUE KEY `uk_user_resource` (`user_id`,`resource_id`),
  KEY `idx_user_id` (`user_id`),
  KEY `idx_resource_id` (`resource_id`),
  CONSTRAINT `fk_like_resource` FOREIGN KEY (`resource_id`) REFERENCES `t_resource` (`id`),
  CONSTRAINT `fk_like_user` FOREIGN KEY (`user_id`) REFERENCES `t_user` (`id`)
) ENGINE=InnoDB AUTO_INCREMENT=26 DEFAULT CHARSET=utf8mb4 COLLATE=utf8mb4_0900_ai_ci COMMENT='用户点赞表';
/*!40101 SET character_set_client = @saved_cs_client */;

--
-- Dumping data for table `t_user_like`
--

LOCK TABLES `t_user_like` WRITE;
/*!40000 ALTER TABLE `t_user_like` DISABLE KEYS */;
INSERT INTO `t_user_like` VALUES (1,1,1,'2025-05-08 12:58:12',0),(23,1,2,'2025-05-08 17:49:50',0),(24,1,3,'2025-05-08 17:49:52',0),(25,1,4,'2025-05-08 18:39:55',1);
/*!40000 ALTER TABLE `t_user_like` ENABLE KEYS */;
UNLOCK TABLES;

--
-- Table structure for table `t_user_role`
--

DROP TABLE IF EXISTS `t_user_role`;
/*!40101 SET @saved_cs_client     = @@character_set_client */;
/*!50503 SET character_set_client = utf8mb4 */;
CREATE TABLE `t_user_role` (
  `id` bigint NOT NULL AUTO_INCREMENT COMMENT 'ID',
  `user_id` bigint NOT NULL COMMENT '用户ID',
  `role_id` bigint NOT NULL COMMENT '角色ID',
  `create_time` datetime NOT NULL COMMENT '创建时间',
  PRIMARY KEY (`id`),
  UNIQUE KEY `uk_user_role` (`user_id`,`role_id`),
  KEY `idx_role_id` (`role_id`),
  CONSTRAINT `fk_ur_role` FOREIGN KEY (`role_id`) REFERENCES `t_role` (`id`),
  CONSTRAINT `fk_ur_user` FOREIGN KEY (`user_id`) REFERENCES `t_user` (`id`)
) ENGINE=InnoDB AUTO_INCREMENT=5 DEFAULT CHARSET=utf8mb4 COLLATE=utf8mb4_0900_ai_ci COMMENT='用户-角色关联表';
/*!40101 SET character_set_client = @saved_cs_client */;

--
-- Dumping data for table `t_user_role`
--

LOCK TABLES `t_user_role` WRITE;
/*!40000 ALTER TABLE `t_user_role` DISABLE KEYS */;
INSERT INTO `t_user_role` VALUES (1,1,1,'2025-05-09 18:13:28'),(2,3,2,'2025-05-09 18:13:28'),(3,2,5,'2025-05-09 18:13:28'),(4,4,5,'2025-05-09 18:13:28');
/*!40000 ALTER TABLE `t_user_role` ENABLE KEYS */;
UNLOCK TABLES;
/*!40103 SET TIME_ZONE=@OLD_TIME_ZONE */;

/*!40101 SET SQL_MODE=@OLD_SQL_MODE */;
/*!40014 SET FOREIGN_KEY_CHECKS=@OLD_FOREIGN_KEY_CHECKS */;
/*!40014 SET UNIQUE_CHECKS=@OLD_UNIQUE_CHECKS */;
/*!40101 SET CHARACTER_SET_CLIENT=@OLD_CHARACTER_SET_CLIENT */;
/*!40101 SET CHARACTER_SET_RESULTS=@OLD_CHARACTER_SET_RESULTS */;
/*!40101 SET COLLATION_CONNECTION=@OLD_COLLATION_CONNECTION */;
/*!40111 SET SQL_NOTES=@OLD_SQL_NOTES */;

-- Dump completed on 2025-05-12  9:19:55
